Date,CDCS,ADCS,CDWS,GL,NDCS,NRBCON,SL,USKCSPT,ZSCS,CCSP,EURUSD,USDCLP,USDCNY,USDPEN,USInflation,ChinaInflation
2011-10-31,7864.0,2126.4,423475.0,1737.464,18794.8,2.6324,34.0906,,1941.7,58775.0,1.37605,495.425,6.351125,2.70775,3.5,5.5
2011-11-07,7654.7,2116.4700000000003,411505.0,1779.5400000000002,18253.0,2.6638000000000006,34.5126,,1932.15,49595.0,1.3699800000000002,499.35,6.345040000000001,2.705,3.4,4.2
2011-11-14,7625.9,2108.35,401500.0,1753.6119999999999,17876.4,2.5466,33.2776,,1931.6,57775.0,1.35218,508.3,6.3474,2.7022000000000004,3.4,4.2
2011-11-21,7248.95,2017.1,396255.0,1689.1100000000001,17287.8,2.5078,31.789000000000005,,1910.55,56015.0,1.33828,521.86,6.3578,2.7034999999999996,3.4,4.2
2011-11-28,7684.15,2073.6,388955.0,1733.172,17230.05,2.5598,32.3996,,2018.05,57365.0,1.33856,518.3399999999999,6.351039999999999,2.7016,3.4,4.2
2011-12-05,7798.95,2086.2,388505.0,1722.2060000000001,18360.5,2.6018,32.220800000000004,,2014.1,58135.0,1.3387,510.2099999999999,6.33768,2.6956,3.0,4.1
2011-12-12,7373.15,1986.45,382815.0,1608.0179999999998,18121.4,2.5336,29.9236,,1880.95,55970.0,1.3052199999999998,517.12,6.340520000000001,2.6968,3.0,4.1
2011-12-19,7448.15,1981.45,372070.0,1607.29,18657.2,2.6029999999999998,29.1504,,1840.8,54960.0,1.3041800000000001,519.82,6.325659999999999,2.6934,3.0,4.1
2011-12-26,7483.5,1984.4166666666667,370975.0,1572.42,18262.0,2.66925,28.0548,,1812.1666666666667,55205.0,1.2996,520.46,6.31192,2.6954000000000002,3.0,4.1
2012-01-02,7600.6875,2039.125,369312.5,1604.162,18787.5,2.75575,28.9258,,1843.25,56016.666666666664,1.28848,512.3199999999999,6.306520000000001,2.6940999999999997,2.9,4.5
2012-01-09,7794.9,2121.15,362320.0,1634.3200000000002,19439.8,2.752,29.7572,,1926.15,56000.0,1.2747000000000002,505.98,6.313280000000001,2.6919999999999997,2.9,4.5
2012-01-16,8210.75,2173.25,352090.0,1655.3000000000004,19767.0,2.7990000000000004,30.661800000000007,,1989.05,57600.0,1.2831,495.2,6.3155600000000005,2.6917999999999997,2.9,4.5
2012-01-23,8431.3,2220.6,340215.0,1701.86,20977.0,2.8381999999999996,32.9332,,2125.95,58460.0,1.30944,488.33000000000004,6.3041,2.6902,2.9,4.5
2012-01-30,8398.45,2208.6,329605.0,1738.9,20982.2,2.8874,33.637,,2105.1,59320.0,1.31362,484.84,6.300599999999999,2.6885000000000003,2.9,4.5
2012-02-06,8536.45,2213.8,317170.0,1729.2400000000002,21348.0,2.9638,33.8044,,2106.75,59950.0,1.3225200000000001,478.85,6.294919999999999,2.686,2.9,3.2
2012-02-13,8320.65,2147.9,311570.0,1724.0520000000001,19971.0,3.0132000000000003,33.467200000000005,,1989.9,59370.0,1.31294,482.85,6.29526,2.6834000000000002,2.9,3.2
2012-02-20,8410.95,2220.7,305080.0,1764.116,19968.6,3.1062499999999997,34.537,,2022.75,59340.0,1.33068,481.14000000000004,6.294880000000001,2.6798,2.9,3.2
2012-02-27,8570.75,2291.15,295400.0,1735.4920000000002,19543.4,3.2098,35.4168,,2093.05,59780.0,1.3337,479.66999999999996,6.297,2.6759999999999997,2.9,3.2
2012-03-05,8382.75,2192.15,281270.0,1695.5259999999998,18872.25,3.2842,33.6768,,2026.6,59430.0,1.31734,487.18,6.31214,2.6727,2.7,3.6
2012-03-12,8519.65,2202.65,269825.0,1666.6439999999998,19230.9,3.3342,32.801,,2076.32,59895.0,1.31026,483.8,6.317159999999999,2.6692,2.7,3.6
2012-03-19,8456.1,2174.2,258470.0,1650.2740000000001,18626.8,3.3626000000000005,32.174800000000005,,2015.6,59540.0,1.32276,485.41999999999996,6.30282,2.6698,2.7,3.6
2012-03-26,8472.5,2121.7,255925.0,1672.2720000000002,17620.2,3.3856,32.374199999999995,,2003.7,59455.0,1.33246,486.8,6.29304,2.6681999999999997,2.7,3.6
2012-04-02,8513.5,2074.7125,260662.5,1642.132,18164.0,3.3586000000000005,32.0724,,2000.5,59155.0,1.31698,483.15999999999997,6.29324,2.66406,2.3,3.4
2012-04-09,8111.75,2045.875,266506.25,1657.72,18253.625,3.3091999999999997,31.6988,,2006.0,58530.0,1.31122,484.91,6.2959000000000005,2.66192,2.3,3.4
2012-04-16,8137.1,2031.4,261555.0,1646.1399999999999,17602.6,3.2002,31.593400000000003,132.54,1991.25,57130.0,1.3147799999999998,486.71000000000004,6.2949,2.6533,2.3,3.4
2012-04-23,8340.8,2040.7,255860.0,1647.8319999999999,17692.6,3.1782000000000004,30.910400000000003,,2002.85,57772.0,1.3203,485.98,6.28852,2.6464,2.3,3.4
2012-04-30,8401.7,2059.2,237575.0,1651.8080000000002,17474.8,3.0648,30.593200000000003,,2016.35,58346.666666666664,1.3174199999999998,483.37,6.27872,2.638,2.3,3.4
2012-05-07,8166.875,2008.375,222625.0,1601.1739999999998,17178.25,3.0006,29.2964,,1956.375,57818.0,1.2967400000000002,485.78999999999996,6.28722,2.6452,1.7,3.0
2012-05-14,7757.9,2000.45,217725.0,1561.4360000000001,16919.0,2.9184000000000005,27.9386,,1909.25,56221.0,1.27468,499.73999999999995,6.31648,2.6673999999999998,1.7,3.0
2012-05-21,7698.3,1983.4,224325.0,1570.5120000000002,16930.2,2.9037999999999995,28.230200000000004,,1890.3,56257.0,1.26242,507.81000000000006,6.322,2.6813000000000002,1.7,3.0
2012-05-28,7536.5,1964.0,227500.0,1575.0919999999999,16363.6,2.7862500000000003,28.051,,1890.15,56019.0,1.2437399999999998,515.5,6.3322,2.7026,1.7,3.0
2012-06-04,7392.5,1947.5833333333333,230058.33333333334,1607.6419999999998,16471.333333333332,2.6832000000000003,28.637400000000003,,1879.25,54677.0,1.25176,509.1,6.32386,2.6916,1.7,2.2
2012-06-11,7413.95,1920.25,242540.0,1614.688,16929.9,2.668,28.712600000000002,,1892.35,55026.0,1.2559200000000001,500.82000000000005,6.3708599999999995,2.6763999999999997,1.7,2.2
2012-06-18,7458.75,1859.3,251255.0,1597.628,16734.3,2.6026,27.782399999999996,,1852.55,55746.25,1.2615599999999998,500.02,6.360799999999999,2.6477999999999997,1.7,2.2
2012-06-25,7444.7,1829.95,254915.0,1576.446,16340.8,2.6314,27.064,,1803.1,54952.0,1.25172,506.14000000000004,6.359500000000001,2.6604,1.7,2.2
2012-07-02,7682.85,1903.05,254435.0,1603.1740000000002,16735.8,2.707,27.712800000000005,,1871.3,56115.0,1.24776,497.8,6.3546,2.6478,1.4,1.8
2012-07-09,7576.15,1872.85,252405.0,1578.1100000000001,16044.4,2.7794,27.141999999999996,,1849.05,55613.0,1.2249400000000001,492.5,6.37492,2.6346,1.4,1.8
2012-07-16,7640.05,1888.55,252775.0,1581.8799999999999,16033.6,2.893,27.2618,,1863.85,56125.0,1.2253,487.34,6.37404,2.6198,1.4,1.8
2012-07-23,7454.6,1847.5,251125.0,1600.06,15750.4,2.8406000000000002,27.2906,,1808.75,54968.0,1.21842,488.84000000000003,6.3855,2.6310000000000002,1.4,1.8
2012-07-30,7453.35,1834.9,247610.0,1604.91,15647.8,2.8692,27.663000000000004,,1825.55,55100.0,1.2269999999999999,482.56000000000006,6.37006,2.6237000000000004,1.4,1.8
2012-08-06,7527.55,1859.55,244290.0,1614.1399999999999,15580.4,2.9796000000000005,28.0294,,1844.95,55369.0,1.2349599999999998,476.48,6.36464,2.6175000000000006,1.7,2.0
2012-08-13,7427.35,1810.55,236570.0,1607.916,15396.0,3.0374000000000003,27.924,,1782.4,55228.0,1.23222,482.48,6.36158,2.6140600000000003,1.7,2.0
2012-08-20,7590.95,1848.9900000000002,235105.0,1649.1299999999999,16024.0,3.0787999999999998,29.8328,,1814.8,55881.0,1.2483600000000001,482.21999999999997,6.35544,2.6119999999999997,1.7,2.0
2012-08-27,7579.75,1875.25,232075.0,1666.092,16062.6875,3.0874,30.8704,,1826.5625,55945.0,1.2534399999999999,480.18,6.3524400000000005,2.6102,1.7,2.0
2012-09-03,7737.75,1954.5,217660.0,1703.22,16108.4,2.97825,32.598,,1880.7,56481.0,1.26402,479.46999999999997,6.344879999999999,2.6091,2.0,1.9
2012-09-10,8126.469999999999,2101.18,215705.0,1744.542,16907.0,3.0096,33.8394,,2011.55,58765.0,1.29242,473.2,6.32912,2.6071999999999997,2.0,1.9
2012-09-17,8294.6,2132.2,216605.0,1768.3200000000002,17934.55,2.9036,34.5338,,2080.25,59965.0,1.30272,469.8,6.31108,2.5994,2.0,1.9
2012-09-24,8192.15,2068.6,220050.0,1765.1799999999998,18201.9,3.0060000000000002,34.132,,2066.9,59160.0,1.2895400000000001,471.88,6.30152,2.5947,2.0,1.9
2012-10-01,8300.4,2084.55,223435.0,1779.6740000000002,18479.0,2.897,34.64200000000001,,2052.6,59140.5,1.2950599999999999,472.56000000000006,6.316460000000001,2.5964799999999997,2.2,1.7
2012-10-08,8171.95,2003.75,218981.25,1764.4739999999997,17633.8,2.932,33.826800000000006,,1945.81,59121.0,1.2915999999999999,473.84,6.283580000000001,2.58806,2.2,1.7
2012-10-15,8132.3,1952.5,218700.0,1738.8740000000003,17026.1,2.7836000000000003,32.720000000000006,,1868.55,58743.0,1.3049,471.80999999999995,6.2569,2.5814,2.2,1.7
2012-10-22,7844.75,1915.2,221175.0,1711.264,16231.3,2.6462,31.968799999999998,,1805.65,50432.5,1.2978999999999998,479.36,6.24848,2.581,2.2,1.7
2012-10-29,7733.3,1889.2,240665.0,1705.7400000000002,16041.4,2.6648,31.766,,1822.65,53215.0,1.2919800000000001,480.85,6.24054,2.5953,2.2,1.7
2012-11-05,7626.2,1894.25,245085.0,1715.95,15969.0,2.6428000000000003,31.9608,,1863.3,55964.0,1.27664,479.84,6.24782,2.6062400000000006,1.8,2.0
2012-11-12,7633.3,1948.05,252535.0,1721.574,15984.3,2.683,32.4778,,1912.45,55616.0,1.27324,482.7799999999999,6.22784,2.6059,1.8,2.0
2012-11-19,7739.75,1941.5,252510.0,1733.1780000000003,16532.0,2.7382,33.377599999999994,,1912.55,56040.0,1.28616,478.82,6.23242,2.5964,1.8,2.0
2012-11-26,7832.8,2027.65,249325.0,1730.018,16954.9,2.7418,33.898,,1989.2,56197.0,1.29648,480.26000000000005,6.224600000000001,2.5837399999999997,1.8,2.0
2012-12-03,8008.65,2098.65,251645.0,1702.048,17335.9,2.6496,33.0856,,2006.8,57137.0,1.30196,479.03000000000003,6.22608,2.5765000000000002,1.7,2.5
2012-12-10,8076.8,2129.15,266530.0,1705.2939999999999,17705.1,2.624,32.8846,,2059.38,57357.0,1.3050000000000002,474.61,6.245279999999999,2.5674,1.7,2.5
2012-12-17,7896.4,2070.4,305670.0,1668.036,17545.6,2.7156,30.956799999999998,,2050.85,56990.0,1.3208600000000001,474.65,6.2345999999999995,2.5614,1.7,2.5
2012-12-24,7849.0,2038.8333333333333,317800.0,1659.0099999999998,17196.833333333332,2.7969999999999997,29.9748,,2044.5,56580.0,1.32064,478.9,6.236180000000001,2.5502000000000002,1.7,2.5
2012-12-31,8070.5,2069.5,320193.75,1671.1260000000002,17345.5,2.77975,30.391199999999998,,2056.25,57222.5,1.3136999999999999,475.21999999999997,6.23112,2.5484999999999998,1.7,2.5
2013-01-07,8046.0,2048.82,326570.0,1660.1559999999997,17352.5,2.7766,30.4192,,1992.85,57657.0,1.31732,470.91999999999996,6.22436,2.5460000000000003,1.6,2.0
2013-01-14,7981.85,2011.3,340715.0,1679.47,17399.1,2.7494,31.4718,,1980.35,57563.0,1.3332799999999998,473.3,6.21576,2.5423999999999998,1.6,2.0
2013-01-21,8052.95,2026.75,344130.0,1678.6240000000003,17357.8,2.8505,31.8284,,2051.45,57922.0,1.33568,470.53000000000003,6.21804,2.55166,1.6,2.0
2013-01-28,8131.55,2048.75,366385.0,1665.056,18100.5,3.0066,31.489000000000004,,2109.6,58317.0,1.35446,471.35,6.2223999999999995,2.5694000000000004,1.6,2.0
2013-02-04,8226.25,2069.23,386895.0,1672.4240000000002,18382.7,3.0296,31.6358,,2155.15,58928.0,1.34744,472.3,6.23144,2.5758,2.0,3.2
2013-02-11,8186.35,2096.75,399870.0,1637.2020000000002,18239.1,3.0715999999999997,30.581400000000002,,2166.2,58429.0,1.3405,470.93999999999994,6.2322,2.5726,2.0,3.2
2013-02-18,7926.4,2049.15,414620.0,1587.0739999999998,17140.3,3.0745,29.0322,,2104.85,57930.0,1.32794,472.48999999999995,6.23972,2.5816,2.0,3.2
2013-02-25,7788.4,1968.1,443785.0,1591.6399999999999,16594.1,3.0282000000000004,28.874200000000002,,2056.9,56986.0,1.3066400000000002,473.09,6.2265,2.5862600000000002,2.0,3.2
2013-03-04,7707.65,1926.2,479955.0,1577.896,16555.2,3.1396,28.8048,,1967.9,56400.833333333336,1.30296,472.58000000000004,6.21936,2.5974000000000004,1.5,2.1
2013-03-11,7756.15,1926.78,520005.0,1588.5499999999997,16933.9,3.1498,28.9,,1943.05,56757.0,1.30218,471.13,6.21502,2.5918,1.5,2.1
2013-03-18,7558.05,1899.4,552340.0,1608.7540000000001,16732.5,3.0848,28.864799999999995,,1900.2,55769.0,1.2938833333333335,472.25,6.2133666666666665,2.592083333333333,1.5,2.1
2013-03-25,7566.3125,1882.9375,567337.5,1599.26,16745.75,3.0987500000000003,28.574599999999997,,1882.4375,55765.0,1.2821666666666667,471.81666666666666,6.211683333333333,2.58695,1.5,2.1
2013-04-01,7395.4375,1849.25,575556.25,1573.6680000000001,16060.5,2.964,27.273000000000003,,1836.5625,54675.0,1.2902833333333332,470.45,6.2020333333333335,2.5850000000000004,1.1,2.4
2013-04-08,7504.08,1858.9,587740.0,1551.0800000000002,16014.2,2.8698,27.238799999999998,,1868.0700000000002,55284.0,1.3079333333333334,467.75000000000006,6.196216666666666,2.5789166666666667,1.1,2.4
2013-04-15,7100.85,1865.2,611665.0,1378.5800000000002,15438.5,2.7594000000000003,23.1246,,1847.8,52404.0,1.30722,474.05,6.1797200000000005,2.57774,1.1,2.4
2013-04-22,6979.25,1874.2,618625.0,1439.176,15192.1,2.7763999999999998,23.524800000000003,,1867.25,51010.0,1.3021800000000001,474.758,6.17482,2.6131,1.1,2.4
2013-04-29,6993.05,1820.0,615850.0,1468.21,15052.95,2.7908,24.032400000000003,,1829.95,50805.0,1.3123999999999998,471.26000000000005,6.1609,2.6428000000000003,1.1,2.4
2013-05-06,7329.875,1857.3125,605106.25,1459.68,15241.0,2.8596,23.873,,1841.4375,53484.0,1.30688,470.96000000000004,6.14662,2.60942,1.4,2.1
2013-05-13,7259.85,1823.95,621455.0,1398.45,14930.1,2.863,22.8938,,1809.4,53468.0,1.2903,478.15,6.1447400000000005,2.61856,1.4,2.1
2013-05-20,7338.1,1825.7,624975.0,1382.99,14952.1,2.8476000000000004,22.475,,1827.25,53853.0,1.2900399999999999,486.13,6.134099999999999,2.6568999999999994,1.4,2.1
2013-05-27,7272.5625,1849.875,613237.5,1393.6119999999999,14755.625,2.8120000000000003,22.4474,,1864.5625,53488.0,1.2953,491.98999999999995,6.1266799999999995,2.6947,1.4,2.1
2013-06-03,7330.8,1918.75,612770.0,1401.39,15091.1,2.8298,22.3598,,1909.35,53802.0,1.31392,501.41999999999996,6.13096,2.7274,1.8,2.7
2013-06-10,7064.2,1835.27,610835.0,1385.236,14343.4,2.8478000000000003,21.7998,,1825.0,52505.0,1.3324200000000002,498.26000000000005,6.13276,2.7388000000000003,1.8,2.7
2013-06-17,6893.35,1775.9599999999998,641585.0,1333.898,14010.5,2.8352000000000004,20.884400000000003,,1812.85,51362.0,1.3278000000000003,503.41,6.1277800000000004,2.7578000000000005,1.8,2.7
2013-06-24,6712.6,1728.17,671475.0,1243.274,13676.1,2.7402,19.131999999999998,,1808.85,46208.0,1.30526,507.13,6.14414,2.7816,1.8,2.7
2013-07-01,6926.3,1765.65,661075.0,1242.952,13726.0,2.814,19.404600000000002,,1838.85,50298.0,1.29576,504.16,6.13064,2.7849000000000004,2.0,2.7
2013-07-08,6859.05,1773.9,647735.0,1263.318,13490.35,2.9928000000000003,19.522,,1856.0,50119.0,1.29664,507.168,6.13364,2.7742999999999998,2.0,2.7
2013-07-15,6907.8,1766.2,639965.0,1285.75,13811.0,3.1159999999999997,19.5934,,1835.2,50608.0,1.31182,500.36,6.13694,2.7645999999999997,2.0,2.7
2013-07-22,6984.9,1787.5,627700.0,1333.7559999999999,14048.1,3.0460000000000003,20.2438,,1841.0,51165.0,1.32306,503.63,6.13574,2.7798000000000003,2.0,2.7
2013-07-29,6888.45,1753.2,612905.0,1317.952,13726.4,3.0198,19.734999999999996,,1810.95,50355.0,1.32608,513.12,6.13024,2.78806,2.0,2.7
2013-08-05,7069.25,1773.15,601140.0,1299.5079999999998,14045.2,2.9006,19.8174,,1844.65,51312.0,1.3323800000000001,511.37,6.1214,2.7878,1.5,2.6
2013-08-12,7285.45,1855.02,587880.0,1345.24,14745.9,2.9566,22.145200000000003,,1922.95,52734.0,1.3298999999999999,509.17999999999995,6.11776,2.7932,1.5,2.6
2013-08-19,7279.85,1852.5700000000002,569325.0,1374.464,14516.8,2.9539999999999997,23.204600000000003,,1941.85,53212.0,1.3368999999999998,514.2760000000001,6.12192,2.809,1.5,2.6
2013-08-26,7189.6875,1801.5,579212.5,1408.4599999999998,14045.5,3.0332,24.070800000000002,,1908.0625,53180.0,1.32915,511.5366666666667,6.12004,2.8068999999999997,1.5,2.6
2013-09-02,7147.85,1765.1599999999999,600010.0,1390.348,13692.2,2.8600000000000003,23.736399999999996,,1852.4,52606.0,1.31718,508.69399999999996,6.11976,2.8038,1.2,3.1
2013-09-09,7095.18,1754.6,585130.0,1352.632,13757.15,2.7565999999999997,22.709400000000002,,1837.1,52392.0,1.32832,504.4700000000001,6.11886,2.78,1.2,3.1
2013-09-16,7165.35,1748.55,570410.0,1334.62,13942.6,2.7002,22.1822,,1836.05,51995.0,1.34502,503.42499999999995,6.1208599999999995,2.7508,1.2,3.1
2013-09-23,7202.5,1769.5,548445.0,1327.1399999999999,13796.9,2.6672000000000002,21.669,,1855.0,52450.0,1.34968,500.054,6.11928,2.7591,1.2,3.1
2013-09-30,7220.15,1790.02,531820.0,1311.238,13731.2,2.6246,21.428800000000003,,1847.6,52660.0,1.35604,501.83599999999996,6.120659999999999,2.7758000000000003,1.2,3.1
2013-10-07,7159.9,1821.9299999999998,515575.0,1300.864,13765.4,2.6491999999999996,21.857,,1853.15,52430.0,1.3549333333333333,498.97200000000004,6.11964,2.7794,1.0,3.0
2013-10-14,7222.3,1807.9,502515.0,1294.284,14007.9,2.67,21.490199999999998,,1891.8,52434.0,1.3610499999999999,496.34,6.100759999999999,2.7618,1.0,3.0
2013-10-21,7207.0,1814.5,488505.0,1337.03,14515.9,2.6,22.5108,,1909.25,52179.0,1.37656,503.012,6.08744,2.7618,1.0,3.0
2013-10-28,7229.85,1829.65,476690.0,1335.2140000000002,14566.2,2.6142,22.2408,,1925.05,51886.0,1.36676,508.6,6.092560000000001,2.7613999999999996,1.0,3.0
2013-11-04,7144.2,1774.4,469250.0,1307.806,14083.2,2.5296,21.637800000000002,,1878.4,51723.0,1.3457,515.734,6.09436,2.7866999999999997,1.2,2.8
2013-11-11,7051.3,1751.1,457430.0,1281.726,13636.25,2.6306000000000003,20.8356,,1857.75,51278.0,1.3457333333333334,520.216,6.09172,2.7956,1.2,2.8
2013-11-18,7006.2,1739.45,444705.0,1255.784,13477.9,2.6860000000000004,20.076600000000003,,1864.4,50655.0,1.3503200000000002,520.472,6.092840000000001,2.7976,1.2,2.8
2013-11-25,7047.75,1716.65,431455.0,1244.944,13372.5,2.6875,19.8582,,1857.15,50964.0,1.3578333333333334,526.226,6.09258,2.7992,1.2,2.8
2013-12-02,7039.45,1713.35,414815.0,1227.88,13565.8,2.7122,19.348399999999998,,1870.45,50804.0,1.36178,530.95,6.089359999999999,2.7983,1.5,2.5
2013-12-09,7208.55,1756.72,399255.0,1243.4399999999998,13947.2,2.6566,19.929399999999998,,1953.15,51263.0,1.3750333333333333,530.168,6.07094,2.7836000000000003,1.5,2.5
2013-12-16,7269.6,1744.27,385430.0,1216.1180000000002,14111.6,2.7022000000000004,19.6342,,1996.35,51259.0,1.3707799999999999,528.3520000000001,6.07102,2.7662,1.5,2.5
2013-12-23,7315.583333333333,1731.0,374008.3333333333,1205.842,14158.666666666666,2.8075,19.6625,,2080.4166666666665,51781.0,1.3710833333333332,527.2479999999999,6.07094,2.7806,1.5,2.5
2013-12-30,7374.8125,1754.1875,364662.5,1213.41,13904.875,2.7295,19.705800000000004,,2074.5,52203.75,1.371,526.948,6.054,2.7963,1.5,2.5
2014-01-06,7326.3,1726.15,350600.0,1234.178,13501.7,2.6586,19.835,,2029.1,52069.0,1.36176,531.866,6.052080000000001,2.7988000000000004,1.6,2.5
2014-01-13,7351.85,1745.53,337480.0,1246.958,14444.4,2.6194,20.2254,,2074.5,52032.0,1.3611333333333333,531.3080000000001,6.04706,2.80096,1.6,2.5
2014-01-20,7306.4,1738.58,329595.0,1252.6960000000004,14595.8,2.6557500000000003,19.9678,,2057.05,51592.0,1.3605199999999997,545.148,6.051,2.8094,1.6,2.5
2014-01-27,7150.7,1693.3,319500.0,1253.482,13958.1,2.6402,19.4474,,1979.75,50818.75,1.3607799999999999,549.594,6.05474,2.8174,1.6,2.5
2014-02-03,7121.7,1656.7599999999998,311130.0,1258.77,13873.9,2.6566,19.7138,,1984.2,50990.0,1.35586,556.124,6.06066,2.8190999999999997,1.1,2.0
2014-02-10,7152.95,1683.52,302415.0,1295.502,14191.4,2.7646,20.475600000000004,,2017.75,50682.0,1.3648399999999998,550.548,6.06232,2.8134,1.1,2.0
2014-02-17,7214.5,1718.45,290950.0,1321.666,14379.8,2.83425,21.732400000000005,,2058.35,50672.0,1.3729999999999998,551.386,6.07652,2.8050000000000006,1.1,2.0
2014-02-24,7107.7,1721.9299999999998,277720.0,1332.55,14369.1,2.7966,21.4768,,2077.8,49468.0,1.37342,557.934,6.12346,2.8029,1.1,2.0
2014-03-03,7006.8,1721.1,272755.0,1342.1619999999998,15152.1,2.973,21.205000000000002,,2117.85,48908.0,1.37876,561.7139999999999,6.13218,2.796,1.5,2.4
2014-03-10,6522.8,1710.4,256615.0,1360.4239999999998,15599.0,2.9530000000000003,21.087799999999998,,2005.35,45170.0,1.3884,572.414,6.141920000000001,2.8007,1.5,2.4
2014-03-17,6500.55,1683.42,265680.0,1342.218,16035.9,2.8914,20.594,,1956.05,45252.0,1.38484,567.178,6.203,2.807,1.5,2.4
2014-03-24,6570.0,1698.77,267200.0,1301.656,15888.9,2.9128,19.796,,1959.9,46099.0,1.37868,555.742,6.2057400000000005,2.8074,1.5,2.4
2014-03-31,6650.65,1774.2,261535.0,1287.5819999999999,16119.3,2.8982,19.812,,1975.3,47081.0,1.3750399999999998,553.062,6.21002,2.8054,1.5,2.4
2014-04-07,6658.05,1820.0,251260.0,1310.3220000000001,16758.6,2.9872,19.9118,,2013.7,47502.5,1.3832,547.524,6.20632,2.7844,2.0,1.8
2014-04-14,6624.0625,1831.5,243081.25,1303.94,17758.0,3.044,19.677,,2043.8125,47877.0,1.38134,555.0719999999999,6.2207799999999995,2.772,2.0,1.8
2014-04-21,6731.3125,1836.4375,240450.0,1290.558,18336.5,3.0881999999999996,19.509999999999998,,2060.3125,48513.0,1.3815399999999998,560.4019999999999,6.240740000000001,2.7866,2.0,1.8
2014-04-28,6717.15,1759.95,233240.0,1293.2779999999998,18214.1,2.999,19.291999999999998,,2043.2,50168.333333333336,1.3854,562.6033333333334,6.2575,2.8048,2.0,1.8
2014-05-05,6751.75,1725.75,215931.25,1296.7440000000001,19101.875,2.9028,19.339999999999996,,2033.1875,49373.0,1.3842999999999999,561.3399999999999,6.231940000000001,2.7933000000000003,2.1,2.5
2014-05-12,6930.1,1741.2,196675.0,1296.512,19900.9,2.9504,19.502000000000002,,2066.3,50362.0,1.3713833333333332,551.0619999999999,6.23162,2.7824,2.1,2.5
2014-05-19,6961.4,1742.7,178281.25,1292.88,19679.2,2.9905999999999997,19.398,,2074.2,50189.0,1.3666999999999998,551.9800000000001,6.23586,2.7866,2.1,2.5
2014-05-26,6988.625,1801.5,172556.25,1263.3600000000001,19228.5,3.0029999999999997,19.036,,2070.3125,50231.0,1.3621199999999998,551.5120000000001,6.24084,2.7714,2.1,2.5
2014-06-02,6854.4,1826.85,168765.0,1247.44,19012.6,2.9457999999999998,18.862000000000002,,2091.7,50050.0,1.3625,550.4780000000001,6.250839999999999,2.7788,2.1,2.3
2014-06-09,6692.9,1837.2,166050.0,1264.362,18325.4,3.0206,19.304,,2098.65,48828.0,1.3551600000000001,553.4399999999999,6.22672,2.7906,2.1,2.3
2014-06-16,6746.1,1829.6,160710.0,1290.5700000000002,18610.0,3.103,20.175800000000002,,2126.85,49260.0,1.3582,556.592,6.22664,2.7967999999999997,2.1,2.3
2014-06-23,6947.2,1858.6,156855.0,1317.26,18499.2,3.1024000000000003,20.942,,2177.95,50533.0,1.36186,550.648,6.2273000000000005,2.8002000000000002,2.1,2.3
2014-06-30,7113.3,1881.6,155940.0,1323.6100000000001,19337.7,3.0342,21.07,,2219.9,51712.0,1.36462,550.294,6.20738,2.7886,2.1,2.3
2014-07-07,7151.7,1907.35,158610.0,1327.7599999999998,19376.2,2.9534,21.18,,2279.7,51584.0,1.36136,552.328,6.2020599999999995,2.7746,2.0,2.3
2014-07-14,7074.45,1951.1,158845.0,1305.63,19091.2,2.8898,20.844,,2293.4,50850.0,1.35524,560.072,6.205519999999999,2.7824,2.0,2.3
2014-07-21,7084.7,2002.55,155675.0,1304.8600000000001,18998.8,2.8668,20.7458,,2367.25,50304.0,1.34694,563.694,6.199039999999999,2.7851999999999997,2.0,2.3
2014-07-28,7123.3,1983.45,148250.0,1294.5059999999999,18597.9,2.821,20.468,,2380.05,50604.0,1.3415666666666668,568.7760000000001,6.17824,2.7882,2.0,2.3
2014-08-04,7041.1,2012.6,144415.0,1300.706,18544.5,2.7414,19.936,,2347.85,50484.0,1.33892,575.142,6.16566,2.805,1.7,2.0
2014-08-11,6924.55,2008.47,141210.0,1309.1299999999999,18576.9,2.7215999999999996,19.808,,2283.1,49931.0,1.3375,575.972,6.1528599999999996,2.7894,1.7,2.0
2014-08-18,7002.6,2042.8,144915.0,1288.03,18630.9,2.71,19.447799999999997,,2326.75,50176.0,1.32926,581.106,6.14564,2.8167999999999997,1.7,2.0
2014-08-25,7026.75,2082.0,147543.75,1282.962,18727.125,2.759,19.410000000000004,,2352.0625,50875.0,1.31738,587.6120000000001,6.14686,2.8334,1.7,2.0
2014-09-01,6963.45,2076.2,152015.0,1270.054,18988.7,2.5865,19.196,,2374.15,50462.0,1.3058999999999998,589.364,6.14172,2.8496,1.7,1.6
2014-09-08,6895.45,2022.65,155435.0,1245.48,18795.5,2.536,18.858,,2297.55,49790.0,1.2928000000000002,589.936,6.133699999999999,2.8516,1.7,1.6
2014-09-15,6911.35,1958.15,155450.0,1226.1299999999999,17898.1,2.5662000000000003,18.432,,2258.8,49515.0,1.28972,595.304,6.1411999999999995,2.8569999999999998,1.7,1.6
2014-09-22,6766.0,1929.15,154400.0,1218.81,17100.7,2.6515999999999997,17.648,,2252.85,48706.0,1.27812,598.8779999999999,6.13466,2.872,1.7,1.6
2014-09-29,6713.6,1898.25,152170.0,1208.48,16260.3,2.4742,17.0918,,2265.75,48615.0,1.2623399999999998,597.7379999999999,6.1404,2.8918000000000004,1.7,1.6
2014-10-06,6725.65,1910.77,149855.0,1216.8179999999998,16573.9,2.3264000000000005,17.310000000000002,,2312.1,48535.0,1.2672599999999998,594.426,6.1352199999999995,2.9019,1.7,1.6
2014-10-13,6724.2,1914.45,154620.0,1237.2099999999998,15883.2,2.2056,17.374000000000002,233.67000000000002,2281.15,48424.0,1.2755,588.0699999999999,6.12432,2.9024,1.7,1.6
2014-10-20,6705.35,1978.85,157985.0,1239.95,15139.6,2.1916,17.279999999999998,216.048,2238.7,47875.0,1.2692599999999998,584.326,6.11952,2.9013999999999998,1.7,1.6
2014-10-27,6825.1,2021.9,161700.0,1207.3600000000001,15450.0,2.1906,16.796599999999998,208.55,2288.55,48236.0,1.2639600000000002,578.5580000000001,6.11314,2.9134,1.7,1.6
2014-11-03,6746.25,2068.55,160945.0,1158.676,15393.9,2.1096,15.725400000000002,205.458,2248.2,48135.0,1.2459333333333333,587.255,6.116,2.9216,1.3,1.4
2014-11-10,6746.5,2047.8700000000001,160815.0,1165.608,15393.4,2.0713999999999997,15.774799999999999,203.522,2253.9,48068.0,1.24658,592.076,6.124399999999999,2.9297999999999997,1.3,1.4
2014-11-17,6750.55,2039.25,160540.0,1192.0339999999999,16063.6,2.0396,16.220999999999997,209.01799999999997,2253.2,48041.0,1.24916,597.074,6.122280000000001,2.9246000000000003,1.3,1.4
2014-11-24,6608.1,2066.55,162685.0,1190.132,16377.3,2.001,16.259800000000002,208.3225,2257.6,47788.0,1.2467199999999998,600.3599999999999,6.1393200000000006,2.9128,1.3,1.4
2014-12-01,6494.6,1993.35,164760.0,1203.1580000000001,16565.7,1.8135999999999999,16.401200000000003,200.512,2222.05,46458.0,1.23644,611.342,6.149859999999999,2.9374999999999996,0.8,1.5
2014-12-08,6505.8,1936.83,165955.0,1221.932,16430.1,1.6588,16.9022,193.58599999999998,2187.85,46874.0,1.2401,614.8340000000001,6.18174,2.9598,0.8,1.5
2014-12-15,6418.1,1885.55,170640.0,1194.626,15794.2,1.5539999999999998,15.889,189.064,2139.25,46535.0,1.23594,616.152,6.2018,2.9539999999999997,0.8,1.5
2014-12-22,6382.0,1843.5,170925.0,1179.2859999999998,15404.666666666666,1.5317500000000002,15.784,187.465,2155.8333333333335,46483.0,1.2199000000000002,608.1,6.2182200000000005,2.9718,0.8,1.5
2014-12-29,6364.5,1823.6875,174537.5,1187.848,14948.75,1.44375,15.8302,181.5325,2168.125,46268.333333333336,1.21024,608.2,6.2061399999999995,2.9778000000000002,0.8,1.5
2015-01-05,6191.85,1781.1,180515.0,1213.1659999999997,15304.3,1.3474000000000002,16.394600000000004,186.392,2150.45,45679.0,1.18582,614.6539999999999,6.213560000000001,2.9845999999999995,-0.1,0.8
2015-01-12,5821.7,1791.52,194370.0,1246.976,14598.1,1.3106,17.029000000000003,193.89600000000002,2073.6,42767.0,1.1717,622.656,6.1977400000000005,2.9921999999999995,-0.1,0.8
2015-01-19,5695.5,1842.95,221360.0,1292.092,14638.9,1.3295000000000001,18.0714,182.206,2104.9,41756.0,1.14654,626.656,6.216000000000001,3.0083999999999995,-0.1,0.8
2015-01-26,5515.0,1845.2,243065.0,1279.432,14874.1,1.3561999999999999,17.613800000000005,180.004,2106.9,40240.0,1.1301,625.64,6.24796,3.0384,-0.1,0.8
2015-02-02,5678.05,1863.8,264285.0,1260.268,15180.25,1.5424000000000002,17.1536,179.67200000000003,2138.3,41199.0,1.13892,626.188,6.25176,3.057,0.0,1.4
2015-02-09,5681.75,1825.23,290435.0,1228.384,14758.2,1.579,16.9692,181.586,2126.75,41263.0,1.13536,624.028,6.242659999999999,3.0692,0.0,1.4
2015-02-16,5731.5,1795.15,297100.0,1212.0179999999998,14148.2,1.60525,16.566,174.64999999999998,2078.75,41765.0,1.1378666666666668,619.2,6.25324,3.08106,0.0,1.4
2015-02-23,5825.8,1787.1,296325.0,1205.754,14208.7,1.6922000000000001,16.439799999999998,163.276,2047.25,42261.666666666664,1.1285399999999999,618.7760000000001,6.256960000000001,3.0888,0.0,1.4
2015-03-02,5850.25,1782.4,308830.0,1195.048,13947.4,1.9083999999999999,16.192600000000002,153.126,2011.2,42585.0,1.1059999999999999,619.016,6.268759999999999,3.093,-0.1,1.4
2015-03-09,5837.2,1750.45,329850.0,1158.7740000000001,14016.7,1.8182000000000003,15.617,151.904,1998.95,42293.0,1.06396,634.4,6.261179999999999,3.0902000000000003,-0.1,1.4
2015-03-16,5863.5,1778.05,340955.0,1164.728,13791.8,1.766,15.981,155.06,2006.85,42275.0,1.06914,637.486,6.227079999999999,3.0862,-0.1,1.4
2015-03-23,6149.4,1779.45,340520.0,1195.904,13735.6,1.8241999999999998,16.961000000000002,158.474,2075.2,43572.0,1.0920200000000002,622.0980000000001,6.21154,3.0702,-0.1,1.4
2015-03-30,6060.5625,1782.5,333143.75,1195.2079999999999,12699.875,1.79325,16.7498,153.14749999999998,2096.5625,43575.0,1.08344,619.308,6.19932,3.0854,-0.1,1.4
2015-04-06,6045.8125,1771.5625,331150.0,1205.434,12521.25,1.8018,16.586400000000005,158.898,2167.6875,43595.0,1.0756400000000002,613.36,6.200659999999999,3.0948,-0.2,1.5
2015-04-13,6010.7,1813.0,336475.0,1198.89,12568.8,1.8884,16.2452,154.91400000000002,2200.55,43589.0,1.06942,612.7439999999999,6.2044,3.1095999999999995,-0.2,1.5
2015-04-20,5960.95,1825.05,338250.0,1191.6340000000002,12764.3,1.9497999999999998,15.877,159.31599999999997,2213.65,43714.0,1.0777199999999998,615.238,6.1967,3.1096000000000004,-0.2,1.5
2015-04-27,6228.1,1890.55,338470.0,1196.05,13588.1,2.0248,16.349,156.302,2332.3,44251.25,1.10764,609.5719999999999,6.20488,3.1198,-0.2,1.5
2015-05-04,6416.375,1893.5625,340281.25,1188.768,14136.875,2.0232,16.443,151.264,2390.4375,45950.0,1.1226399999999999,609.5260000000001,6.2058,3.13736,0.0,1.2
2015-05-11,6409.2,1841.3,338530.0,1207.2179999999998,14050.7,2.0362,16.961000000000002,152.324,2325.25,45979.0,1.13138,601.274,6.20552,3.1417,0.0,1.2
2015-05-18,6239.6,1748.25,334540.0,1210.7400000000002,13089.9,2.0425999999999997,17.221000000000004,154.878,2208.35,45579.0,1.11322,603.7,6.201279999999999,3.1342,0.0,1.2
2015-05-25,6069.9375,1713.125,325631.25,1191.892,12689.125,2.0035000000000003,16.7872,143.41750000000002,2190.125,44620.0,1.094,614.27,6.19996,3.1418,0.0,1.2
2015-06-01,5975.45,1711.25,318060.0,1182.886,13002.5,2.0325999999999995,16.436,150.386,2141.7,43740.0,1.1133400000000002,627.4280000000001,6.19934,3.1427,0.1,1.4
2015-06-08,5935.05,1711.8,312530.0,1179.476,13357.8,2.098,15.981,155.198,2124.25,43480.0,1.12736,629.1299999999999,6.205979999999999,3.1448,0.1,1.4
2015-06-15,5722.65,1664.8,317545.0,1190.706,12733.4,2.0987999999999998,16.091,150.13799999999998,2062.9,42456.0,1.13168,632.6360000000001,6.2082,3.1514400000000005,0.1,1.4
2015-06-22,5724.35,1675.85,312155.0,1177.168,12593.3,2.0498,15.905000000000001,151.212,2029.9,42402.5,1.1214,632.2900000000001,6.207479999999999,3.1662,0.1,1.4
2015-06-29,5765.3,1671.7,319850.0,1171.066,11963.2,2.04025,15.6708,150.03,2016.1,42739.0,1.1125,637.662,6.20278,3.1667999999999994,0.1,1.4
2015-07-06,5522.1,1644.45,327740.0,1160.676,11169.25,1.9868,15.372800000000002,143.614,1985.5,41353.0,1.1064599999999998,647.156,6.20876,3.1727999999999996,0.2,1.6
2015-07-13,5524.9,1668.0,336940.0,1148.114,11556.4,1.9112000000000002,15.157,147.758,2055.5,41129.0,1.09322,643.04,6.2085799999999995,3.1685999999999996,0.2,1.6
2015-07-20,5346.4,1614.05,340430.0,1096.27,11468.7,1.8798,14.715800000000002,144.666,1999.05,40055.0,1.09296,654.22,6.209359999999999,3.179,0.2,1.6
2015-07-27,5250.1,1605.8,344740.0,1093.592,11086.7,1.8228000000000002,14.6978,141.44,1949.45,39308.0,1.1008200000000001,668.532,6.209099999999999,3.17968,0.2,1.6
2015-08-03,5190.35,1566.8,349755.0,1088.078,10770.7,1.6603999999999999,14.615,144.7,1880.9,38590.0,1.0931166666666667,679.3866666666667,6.20894,3.1912,0.2,2.0
2015-08-10,5183.05,1558.0,351895.0,1113.2220000000002,10674.5,1.7106,15.337200000000001,153.41,1829.75,39225.0,1.10946,681.544,6.3411599999999995,3.2077,0.2,2.0
2015-08-17,5065.1,1533.5,353180.0,1136.2459999999999,10366.8,1.588,15.277000000000001,152.846,1784.05,39051.0,1.11686,692.798,6.3916,3.242,0.2,2.0
2015-08-24,5070.7,1534.2,364490.0,1135.634,9732.0,1.4487999999999999,14.515199999999998,139.168,1735.85,39134.0,1.1366800000000001,699.516,6.4027,3.2847999999999997,0.2,2.0
2015-08-31,5153.75,1589.8125,361750.0,1130.6879999999999,9866.75,1.4632,14.625800000000002,137.634,1799.5,39316.666666666664,1.1202400000000001,691.0440000000001,6.360640000000001,3.2232,0.2,2.0
2015-09-07,5343.35,1607.05,346335.0,1112.9740000000002,10093.0,1.3815000000000002,14.626,135.6675,1798.85,40399.0,1.12398,689.42,6.36954,3.2098,0.0,1.6
2015-09-14,5351.25,1609.5,336300.0,1120.2040000000002,9929.3,1.3501999999999998,14.789800000000003,134.74,1712.95,40934.0,1.13184,680.28,6.36626,3.19588,0.0,1.6
2015-09-21,5109.55,1574.9,328260.0,1137.302,9799.2,1.3923999999999999,14.983,134.15800000000002,1632.75,39478.0,1.11734,696.75,6.376239999999999,3.2009,0.0,1.6
2015-09-28,5073.0,1551.05,322440.0,1124.7240000000002,10012.0,1.3574000000000002,14.6834,137.984,1651.8,38416.666666666664,1.1211200000000001,697.9399999999999,6.36356,3.2204,0.0,1.6
2015-10-05,5207.55,1558.7,309725.0,1144.156,10111.4,1.4072,15.803000000000003,143.936,1681.6,39520.0,1.12648,679.3599999999999,6.35308,3.20996,0.2,1.3
2015-10-12,5312.3,1564.8,297515.0,1174.95,10515.85,1.3195999999999999,15.988999999999999,150.86599999999999,1797.9,39996.0,1.13888,675.3299999999999,6.34132,3.2201999999999997,0.2,1.3
2015-10-19,5204.05,1484.6,284915.0,1168.3419999999999,10370.7,1.2841999999999998,15.799000000000001,140.914,1733.2,39339.0,1.12264,687.05,6.352360000000001,3.2408,0.2,1.3
2015-10-26,5182.65,1444.35,272670.0,1154.3780000000002,10394.4,1.336,15.731,138.122,1707.45,39036.0,1.1004399999999999,688.61,6.3469999999999995,3.2672,0.2,1.3
2015-11-02,5088.3,1483.15,266565.0,1110.426,9837.3,1.3887999999999998,15.095600000000001,140.52599999999998,1651.7,38572.0,1.08922,692.778,6.3413200000000005,3.2878999999999996,0.5,1.5
2015-11-09,4906.6,1492.65,259150.0,1087.316,9482.4,1.3147999999999997,14.3626,137.124,1602.55,37450.0,1.0759599999999998,701.2,6.36634,3.3102000000000005,0.5,1.5
2015-11-16,4656.65,1450.65,256680.0,1076.6299999999999,8976.7,1.2642000000000002,14.192600000000002,135.298,1530.6,35234.0,1.0672599999999999,712.104,6.37788,3.3396,0.5,1.5
2015-11-23,4588.2,1451.25,247575.0,1069.076,8756.9,1.3725,14.1584,141.60750000000002,1556.0,34435.0,1.06208,712.8280000000001,6.3879399999999995,3.3626000000000005,0.5,1.5
2015-11-30,4596.4,1469.85,240695.0,1066.9419999999998,8901.8,1.3162000000000003,14.169600000000003,139.27800000000002,1533.4,35126.0,1.07254,703.87,6.39854,3.35996,0.5,1.5
2015-12-07,4604.5,1482.95,233755.0,1072.802,8632.7,1.2414,14.1114,143.37400000000002,1517.3,35274.0,1.09348,706.5899999999999,6.4261,3.3666000000000005,0.7,1.6
2015-12-14,4609.9,1490.25,231985.0,1061.942,8646.4,1.254,13.866399999999999,137.356,1498.1,35832.0,1.09036,706.49,6.47064,3.3624,0.7,1.6
2015-12-21,4698.25,1528.8125,233350.0,1074.5040000000001,8669.0,1.22225,14.296199999999999,136.9225,1522.0625,36200.0,1.09422,697.4379999999999,6.476999999999999,3.3809600000000004,0.7,1.6
2015-12-28,4722.583333333333,1516.0,236758.33333333334,1064.328,8715.833333333334,1.2515,13.880799999999999,137.45333333333335,1598.8333333333333,36340.0,1.09064,708.114,6.48774,3.399,0.7,1.6
2016-01-04,4576.0,1470.1,236305.0,1091.574,8503.8,1.1968,14.0012,140.28199999999998,1524.6,36178.0,1.08416,718.5339999999999,6.5604,3.4132000000000007,1.4,1.8
2016-01-11,4371.0,1467.35,235690.0,1088.006,8338.5,1.068,13.899000000000001,133.906,1475.45,35046.0,1.08734,729.2139999999999,6.57914,3.4223999999999997,1.4,1.8
2016-01-18,4406.0,1480.75,236090.0,1095.034,8604.65,1.0397500000000002,14.025,132.665,1496.25,34969.0,1.08706,725.298,6.578200000000001,3.4348,1.4,1.8
2016-01-25,4534.15,1506.2,240030.0,1116.9999999999998,8582.2,1.061,14.319000000000003,135.796,1585.15,35236.0,1.0875,715.92,6.5777600000000005,3.4589999999999996,1.4,1.8
2016-02-01,4617.8,1517.1,235035.0,1145.4959999999999,8378.0,1.0238,14.613000000000003,139.252,1685.05,35518.0,1.1054,706.24,6.575740000000001,3.47904,1.0,2.3
2016-02-08,4507.65,1489.7,225500.0,1211.6799999999998,7885.9,0.9566000000000001,15.448599999999999,136.67199999999997,1708.55,35482.0,1.12696,710.778,6.571,3.4967999999999995,1.0,2.3
2016-02-15,4584.4,1530.5,212190.0,1214.5620000000001,8367.7,0.97625,15.296000000000001,136.0475,1686.55,35446.0,1.11318,702.648,6.51404,3.4981999999999998,1.0,2.3
2016-02-22,4663.25,1574.75,201625.0,1223.522,8523.9,1.01,15.092000000000002,137.08999999999997,1749.45,35813.0,1.1000999999999999,692.32,6.53026,3.5188,1.0,2.3
2016-02-29,4826.45,1598.4,190855.0,1246.482,8826.25,1.2592,15.0624,135.054,1807.8,36251.0,1.09124,687.58,6.54066,3.4982999999999995,1.0,2.3
2016-03-07,4943.8,1571.0,181320.0,1260.6380000000001,8859.1,1.427,15.450799999999997,140.958,1781.35,37161.0,1.10686,680.484,6.50724,3.439,0.9,2.3
2016-03-14,5011.5,1505.35,166095.0,1248.1039999999998,8626.9,1.4228,15.567600000000002,147.24200000000002,1784.85,37478.0,1.12002,679.5060000000001,6.4946,3.3512,0.9,2.3
2016-03-21,5020.3,1473.65,152325.0,1228.8600000000001,8672.3,1.469,15.449000000000002,152.36499999999998,1828.05,37766.0,1.11954,677.626,6.49894,3.383,0.9,2.3
2016-03-28,4890.4375,1499.0,145681.25,1228.1960000000001,8380.1875,1.4374,15.2406,148.43400000000003,1808.75,37260.0,1.1319000000000001,674.196,6.481820000000001,3.35036,0.9,2.3
2016-04-04,4741.15,1499.5,143330.0,1229.584,8435.2,1.3990000000000002,15.116200000000001,143.286,1786.1,36512.5,1.1386800000000001,677.78,6.47662,3.3595999999999995,1.1,2.3
2016-04-11,4798.35,1531.4,146950.0,1242.908,8829.75,1.5078,16.118600000000004,143.21999999999997,1831.52,36540.0,1.1320999999999999,670.14,6.46816,3.28622,1.1,2.3
2016-04-18,4971.35,1611.2,146450.0,1241.0819999999999,9153.1,1.4941999999999998,16.7954,145.67800000000003,1906.85,37214.0,1.1293,663.74,6.475580000000001,3.2510000000000003,1.1,2.3
2016-04-25,4982.7,1652.4,151460.0,1256.994,9217.55,1.5686,17.3316,142.882,1895.25,37524.0,1.13376,665.256,6.48436,3.275,1.1,2.3
2016-05-02,4858.875,1601.3125,156731.25,1284.446,9221.1875,1.5094,17.3996,139.76999999999998,1877.25,36970.0,1.1461999999999999,665.9,6.4908,3.3098,1.0,2.0
2016-05-09,4674.15,1534.3,159760.0,1268.15,8652.0,1.5364,17.095000000000002,147.322,1862.2,35812.0,1.1370799999999999,681.966,6.5125,3.3183999999999996,1.0,2.0
2016-05-16,4622.8,1534.2,157390.0,1263.37,8599.25,1.6318000000000001,16.8312,149.47400000000002,1874.35,35558.0,1.1251799999999998,693.238,6.5330200000000005,3.3226,1.0,2.0
2016-05-23,4654.75,1544.2,155445.0,1226.378,8335.5,1.6388000000000003,16.2684,142.154,1853.2,35574.0,1.1163,690.836,6.5558,3.3368,1.0,2.0
2016-05-30,4660.5625,1540.75,153318.75,1217.274,8426.1875,1.6182500000000002,16.045,142.415,1964.9375,35658.0,1.11928,689.2059999999999,6.57166,3.3525800000000006,1.0,2.0
2016-06-06,4563.05,1565.9,200365.0,1258.616,8770.6,1.595,16.8786,153.92600000000002,2044.65,36046.666666666664,1.13354,679.066,6.5644800000000005,3.3059999999999996,1.0,1.9
2016-06-13,4546.7,1604.5,201600.0,1287.15,8902.85,1.5055999999999998,17.3778,158.522,2010.5,35618.0,1.1254166666666665,685.805,6.585800000000001,3.3196,1.0,1.9
2016-06-20,4690.2,1623.3799999999999,192730.0,1278.9299999999998,9143.65,1.5786000000000002,17.384999999999998,160.42,2022.3,36064.0,1.1286,675.3399999999999,6.58596,3.2867999999999995,1.0,1.9
2016-06-27,4815.5,1624.85,191900.0,1323.3,9389.7,1.5054,18.4376,160.0,2080.7,37134.0,1.1089600000000002,666.3,6.64552,3.2926,1.0,1.9
2016-07-04,4755.95,1641.8,210765.0,1359.1760000000002,9858.85,1.399,20.038400000000003,163.1475,2109.95,37448.0,1.10838,661.6850000000001,6.676480000000001,3.275,0.8,1.8
2016-07-11,4863.95,1657.35,231320.0,1340.296,10263.75,1.4056,20.2318,166.82,2176.75,37792.0,1.1071,656.528,6.68436,3.2756999999999996,0.8,1.8
2016-07-18,4944.2,1613.5,226970.0,1325.72,10536.6,1.3687999999999998,19.735,166.48200000000003,2235.75,38274.0,1.10206,650.4399999999999,6.686279999999999,3.2998000000000003,0.8,1.8
2016-07-25,4888.6,1598.3,213535.0,1332.1039999999998,10459.5,1.3254,19.971000000000004,161.67000000000002,2216.9,37916.0,1.1056599999999999,660.508,6.662180000000001,3.3494,0.8,1.8
2016-08-01,4840.6,1623.1,208605.0,1354.06,10662.25,1.3419999999999999,20.2762,162.49399999999997,2265.0,37840.0,1.1148200000000001,656.1380000000001,6.638719999999999,3.3354,1.1,1.3
2016-08-08,4794.8,1635.85,204300.0,1339.018,10645.45,1.3483999999999998,19.861,161.422,2266.45,37466.0,1.11368,649.5600000000001,6.64388,3.3114999999999997,1.1,1.3
2016-08-15,4779.5,1671.45,209975.0,1345.5099999999998,10290.55,1.4556,19.64,157.60399999999998,2271.85,37208.0,1.12846,655.2299999999999,6.63514,3.3004,1.1,1.3
2016-08-22,4652.3,1641.1,251920.0,1328.298,9983.55,1.5034,18.667,161.37399999999997,2298.2,36752.0,1.12736,668.7919999999999,6.65304,3.3439799999999997,1.1,1.3
2016-08-29,4609.3125,1594.6875,300006.25,1316.422,9835.1875,1.3801999999999999,18.864800000000002,163.24,2336.25,36500.0,1.11672,675.226,6.677379999999999,3.3759,1.1,1.3
2016-09-05,4621.4,1569.1,338385.0,1337.158,10171.9,1.3599999999999999,19.574400000000004,170.0675,2315.6,36748.0,1.1224599999999998,666.796,6.6679200000000005,3.3643799999999997,1.5,1.9
2016-09-12,4699.35,1557.0,351460.0,1318.31,9791.75,1.4042,18.9144,166.74,2229.9,36670.0,1.1220200000000002,672.7620000000001,6.674379999999999,3.3937,1.5,1.9
2016-09-19,4786.05,1592.4,349660.0,1327.266,10379.0,1.3928,19.5268,169.85666666666668,2267.2,37488.0,1.1190200000000001,665.4240000000001,6.66798,3.3676000000000004,1.5,1.9
2016-09-26,4812.45,1652.7,371215.0,1324.272,10527.95,1.4456000000000002,19.19,169.39333333333335,2330.9,37834.0,1.1229,659.8620000000001,6.669200000000001,3.3673,1.5,1.9
2016-10-03,4772.0,1667.95,364075.0,1271.642,10143.15,1.4888000000000001,17.811799999999998,165.408,2348.05,37899.0,1.1193600000000001,664.2719999999999,6.66872,3.3932,1.6,2.1
2016-10-10,4751.75,1680.65,348620.0,1254.73,10441.45,1.4836,17.468,168.308,2254.05,37964.0,1.1044,668.29,6.7177999999999995,3.3985,1.6,2.1
2016-10-17,4642.0,1627.05,347955.0,1262.962,10177.55,1.5074,17.537,173.456,2269.0,37454.0,1.09514,666.898,6.744919999999999,3.3836,1.6,2.1
2016-10-24,4737.35,1674.35,334565.0,1269.508,10241.35,1.4888,17.649400000000004,177.548,2346.5,38120.0,1.0909400000000002,653.752,6.7754199999999996,3.3562,1.6,2.1
2016-10-31,4915.9,1727.0,314980.0,1293.29,10388.2,1.4372,18.2792,180.0625,2445.85,38918.0,1.10756,651.748,6.76108,3.3701999999999996,1.6,2.1
2016-11-07,5365.15,1742.65,283685.0,1264.0059999999999,11299.5,1.348,18.1754,185.31799999999998,2472.25,42342.0,1.0943,654.9680000000001,6.79114,3.3784000000000005,1.7,2.3
2016-11-14,5480.85,1719.7,259075.0,1219.816,11149.85,1.3228000000000002,16.8256,179.07999999999998,2547.4,44880.0,1.0672000000000001,674.034,6.86686,3.407,1.7,2.3
2016-11-21,5716.6,1761.75,240365.0,1196.328,11455.85,1.4004999999999999,16.468,175.8875,2664.45,46362.0,1.0588799999999998,676.572,6.90046,3.4130000000000003,1.7,2.3
2016-11-28,5783.0,1726.15,235050.0,1180.5840000000003,11273.45,1.4773999999999998,16.566000000000003,166.02499999999998,2724.7,47092.0,1.0634599999999998,673.4879999999999,6.89114,3.4021999999999997,1.7,2.3
2016-12-05,5840.65,1728.85,224580.0,1168.566,11399.4,1.5228,16.864600000000003,158.73200000000003,2723.2,47162.0,1.06806,656.6000000000001,6.88312,3.4076,2.1,2.1
2016-12-12,5699.5,1740.7,276045.0,1144.974,11264.95,1.5452000000000001,16.5486,157.77666666666664,2740.35,46768.0,1.05308,659.1960000000001,6.920579999999999,3.39324,2.1,2.1
2016-12-19,5487.1,1731.7,339890.0,1132.584,10698.7,1.5988,15.8726,159.292,2596.5,45008.0,1.04202,675.1859999999999,6.94532,3.3932200000000003,2.1,2.1
2016-12-26,5508.25,1704.25,327225.0,1144.2440000000001,10023.0,1.66875,15.9288,157.69,2544.25,44638.0,1.0465,670.2950000000001,6.949800000000001,3.3618,2.1,2.1
2017-01-02,5561.3125,1706.1875,303650.0,1168.5575000000001,10112.8125,1.635,16.3166,156.335,2576.875,45315.0,1.04964,668.644,6.92736,3.3726,2.5,2.5
2017-01-09,5738.65,1771.45,288785.0,1190.364,10330.1,1.5868,16.7132,162.788,2702.35,46388.0,1.0592199999999998,666.1659999999999,6.9153,3.37006,2.5,2.5
2017-01-16,5751.75,1825.1,276385.0,1207.43,9993.7,1.5625,17.0122,166.3825,2740.15,46780.0,1.0661200000000002,658.938,6.865399999999999,3.3286000000000002,2.5,2.5
2017-01-23,5868.65,1839.35,270115.0,1201.114,9561.7,1.5474,17.031200000000002,170.312,2773.55,47175.0,1.07246,650.766,6.86824,3.2854,2.5,2.5
2017-01-30,5875.1,1812.45,260195.0,1210.254,10045.45,1.5396,17.4178,168.08599999999996,2825.95,46750.0,1.0759599999999998,644.714,6.8683,3.2630000000000003,2.5,2.5
2017-02-06,5876.9,1832.95,252325.0,1234.3159999999998,10397.3,1.5422,17.7402,162.606,2840.55,46880.0,1.06848,643.824,6.87102,3.2718000000000003,2.7,0.8
2017-02-13,6016.75,1878.9,238560.0,1231.9479999999999,10854.8,1.5363999999999998,17.9424,163.144,2870.25,48976.0,1.0611599999999999,640.924,6.86524,3.2488,2.7,0.8
2017-02-20,5977.85,1877.2,217940.0,1243.302,10796.15,1.51275,18.099200000000003,165.9025,2846.45,48254.0,1.05702,642.4460000000001,6.87194,3.24262,2.7,0.8
2017-02-27,5943.45,1909.65,201425.0,1243.762,10911.05,1.6038000000000001,18.128999999999998,161.37000000000003,2802.2,47840.0,1.0567,651.7059999999999,6.87902,3.264099999999999,2.7,0.8
2017-03-06,5746.9,1864.45,287710.0,1210.8380000000002,10340.5,1.6458,17.2808,158.496,2694.75,47010.0,1.05868,662.212,6.90398,3.2842,2.4,0.9
2017-03-13,5844.9,1874.4,336080.0,1214.8760000000002,10158.4,1.5882,17.154999999999998,158.20999999999998,2783.75,47188.0,1.0700799999999997,664.8779999999999,6.906440000000001,3.2598,2.4,0.9
2017-03-20,5791.4,1917.35,323285.0,1242.676,9986.4,1.6026,17.540399999999998,159.60500000000002,2819.0,46900.0,1.0782599999999998,660.1700000000001,6.88612,3.2386000000000004,2.4,0.9
2017-03-27,5844.75,1944.75,302720.0,1249.9879999999998,9929.0,1.6614,18.15,156.0325,2797.55,46826.0,1.0757400000000001,662.7180000000001,6.88126,3.2359999999999998,2.4,0.9
2017-04-03,5794.4,1940.1,274680.0,1253.8400000000001,10014.4,1.7214000000000003,18.188200000000002,156.528,2700.85,47443.333333333336,1.06488,657.338,6.89024,3.2418000000000005,2.2,1.2
2017-04-10,5678.8125,1898.9375,260568.75,1277.72,9818.6875,1.74825,18.331000000000003,158.7625,2584.3125,46430.0,1.06188,651.62,6.8902,3.2456000000000005,2.2,1.2
2017-04-17,5563.1875,1904.75,264937.5,1283.736,9317.9375,1.6812,18.138,157.722,2555.25,46024.0,1.0704999999999998,648.678,6.88202,3.24246,2.2,1.2
2017-04-24,5674.05,1933.35,261775.0,1268.042,9269.7,1.5864,17.4748,148.71599999999998,2601.2,46094.0,1.08924,662.104,6.888699999999998,3.2403,2.2,1.2
2017-05-01,5604.5625,1909.875,302775.0,1241.068,9179.25,1.5122,16.524,150.67800000000003,2591.1875,46060.0,1.0936400000000002,669.4319999999999,6.8959,3.2521999999999998,1.9,1.5
2017-05-08,5496.65,1870.5,339935.0,1223.486,9185.3,1.5372,16.254200000000004,152.40666666666667,2583.95,44956.0,1.0890600000000001,674.652,6.902120000000001,3.2809999999999997,1.9,1.5
2017-05-15,5601.55,1921.5,332850.0,1245.51,9173.8,1.6119999999999997,16.7344,151.582,2552.35,45146.0,1.1105,669.2040000000001,6.884180000000001,3.2635999999999994,1.9,1.5
2017-05-22,5678.1,1945.1,325615.0,1258.2099999999998,9150.2,1.6458000000000002,17.1642,150.26,2629.65,45808.0,1.12038,671.3779999999999,6.876400000000001,3.2670000000000003,1.9,1.5
2017-05-29,5651.5,1925.4375,309975.0,1268.3220000000001,8915.3125,1.60725,17.3768,150.4975,2567.9375,45343.333333333336,1.12136,672.542,6.826440000000001,3.2698,1.9,1.5
2017-06-05,5651.75,1900.2099999999998,291930.0,1280.834,8823.95,1.5155999999999998,17.461800000000004,147.20999999999998,2460.85,45238.0,1.1237999999999997,666.92,6.797759999999999,3.2632,1.6,1.5
2017-06-12,5674.45,1869.55,273000.0,1259.8700000000001,8805.95,1.4624000000000001,16.7926,148.004,2481.55,45760.0,1.1192199999999999,662.79,6.79992,3.2712600000000003,1.6,1.5
2017-06-19,5710.95,1865.45,260390.0,1247.7099999999998,8934.4,1.431,16.5012,142.8375,2624.5,45624.0,1.11572,662.732,6.82872,3.2603999999999997,1.6,1.5
2017-06-26,5866.8,1889.4,249380.0,1245.206,9202.0,1.4766,16.630000000000003,144.72,2741.7,46712.0,1.13518,663.2679999999999,6.802040000000001,3.2418,1.6,1.5
2017-07-03,5843.2,1922.5,299930.0,1221.386,9105.05,1.516,15.962800000000001,147.79333333333332,2789.85,46960.0,1.13762,664.69,6.800660000000001,3.25,1.7,1.4
2017-07-10,5856.3,1890.55,317960.0,1219.23,9180.8,1.5253999999999999,15.787600000000001,148.92999999999998,2803.8,46900.0,1.14268,662.442,6.78994,3.2445999999999997,1.7,1.4
2017-07-17,5954.05,1895.9,308065.0,1243.1619999999998,9560.6,1.5844,16.2696,154.422,2758.6,47558.0,1.1568,654.212,6.758399999999999,3.2378,1.7,1.4
2017-07-24,6216.7,1904.35,303335.0,1258.46,9983.7,1.6181999999999999,16.5654,155.906,2796.95,49028.0,1.16914,649.544,6.746080000000001,3.2382,1.7,1.4
2017-07-31,6329.05,1893.15,298250.0,1266.0,10251.7,1.658,16.587400000000002,160.625,2785.1,50188.0,1.1827800000000002,650.4799999999999,6.7207799999999995,3.2350000000000008,1.7,1.4
2017-08-07,6407.85,2010.35,290260.0,1274.034,10644.6,1.6174,16.7468,163.098,2898.65,50360.0,1.1780000000000002,648.3720000000001,6.68086,3.2397599999999995,1.9,1.8
2017-08-14,6423.3,2067.25,278090.0,1281.316,10602.2,1.5864,16.932399999999998,155.758,3024.9,50354.0,1.17534,646.686,6.6778,3.2359999999999998,1.9,1.8
2017-08-21,6589.5,2089.95,250560.0,1288.568,11469.7,1.625,16.9974,149.01999999999998,3097.2,51438.0,1.18222,638.8039999999999,6.65762,3.232,1.9,1.8
2017-08-28,6769.0,2092.125,227006.25,1314.4900000000002,11719.9375,1.8536000000000001,17.485400000000002,148.614,3129.1875,52592.0,1.1923,626.814,6.587619999999999,3.233199999999999,1.9,1.8
2017-09-04,6835.55,2080.8,215420.0,1340.3259999999998,11985.15,1.6702499999999998,17.9066,147.3375,3117.75,53060.0,1.1956799999999999,619.5179999999999,6.508660000000001,3.229,2.2,1.6
2017-09-11,6556.9,2079.7,250820.0,1325.9640000000002,11400.1,1.6458,17.7414,152.86999999999998,3042.15,51014.0,1.19326,623.452,6.540900000000001,3.2327999999999997,2.2,1.6
2017-09-18,6460.15,2117.7,307540.0,1301.28,10963.2,1.6582000000000001,17.1012,155.42,3119.25,50476.0,1.1946400000000001,624.08,6.57962,3.2408,2.2,1.6
2017-09-25,6410.6,2103.85,301605.0,1290.604,10363.3,1.6628,16.826800000000002,150.272,3174.65,50758.0,1.17954,635.2479999999999,6.6425399999999994,3.2619999999999996,2.2,1.6
2017-10-02,6532.2,2124.05,297120.0,1272.156,10464.4,1.5744,16.615199999999998,145.21,3320.4,51886.0,1.1732799999999999,632.6220000000001,6.6532,3.2582,2.0,1.9
2017-10-09,6759.55,2124.8,287500.0,1292.016,11183.9,1.593,17.1512,146.922,3316.6,53014.0,1.1812,627.0200000000001,6.5892,3.2542,2.0,1.9
2017-10-16,6984.5,2119.2,289490.0,1285.9279999999999,11688.0,1.6426000000000003,17.069000000000003,143.028,3167.75,54944.0,1.1796400000000002,623.504,6.614,3.2337999999999996,2.0,1.9
2017-10-23,6946.05,2153.55,278520.0,1274.882,11763.7,1.7298000000000002,16.888600000000004,142.522,3240.9,55334.0,1.1717600000000001,632.674,6.639,3.2328,2.0,1.9
2017-10-30,6863.4,2154.67,273235.0,1273.212,12379.0,1.7695999999999998,16.9042,143.894,3293.1,54186.0,1.16356,634.542,6.62418,3.2438000000000002,2.0,1.9
2017-11-06,6817.4,2102.85,263880.0,1279.76,12484.4,1.8196,17.014400000000002,144.478,3239.65,53982.0,1.1618400000000002,631.728,6.634259999999999,3.2366,2.2,1.7
2017-11-13,6752.65,2081.52,254355.0,1281.8817999999999,11719.4,1.7503999999999997,17.0774,144.656,3203.7,53226.0,1.17622,629.626,6.628960000000001,3.2388000000000003,2.2,1.7
2017-11-20,6903.0,2087.3,226945.0,1285.47,11749.5,1.76825,17.0204,141.965,3239.3,53540.0,1.18138,634.388,6.608700000000001,3.2322,2.2,1.7
2017-11-27,6793.2,2070.8,192930.0,1285.1580000000001,11308.5,1.7524000000000002,16.6438,145.3,3202.7,53264.0,1.1876,643.278,6.6064799999999995,3.2283999999999997,2.2,1.7
2017-12-04,6579.6,2014.7,191555.0,1260.0765999999999,10949.5,1.6976,15.978800000000001,144.712,3121.65,52184.0,1.18056,652.7160000000001,6.61716,3.2296,2.1,1.8
2017-12-11,6713.75,2013.5,193285.0,1249.6002,11169.2,1.6796,15.877199999999998,138.656,3165.5,52126.0,1.1772,645.818,6.61374,3.2478000000000002,2.1,1.8
2017-12-18,6981.15,2111.45,200570.0,1265.882,11907.0,1.723,16.1704,140.962,3218.05,53596.0,1.18448,620.8716666666667,6.590679999999999,3.26044,2.1,1.8
2017-12-25,7221.0,2257.4166666666665,202225.0,1288.384,12349.666666666666,1.79275,16.6558,143.1,3310.1666666666665,54754.0,1.19122,615.9425,6.53498,3.2336,2.1,1.8
2018-01-01,7121.5,2221.9375,201218.75,1314.776,12503.125,1.7882500000000001,17.1084,147.14249999999998,3370.875,54697.5,1.20342,605.6875,6.495279999999999,3.2164,2.1,1.5
2018-01-08,7085.85,2165.6,203410.0,1321.7459999999999,12653.8,1.8296,17.029400000000003,144.19,3392.25,54506.0,1.20168,605.926,6.4968,3.2125999999999997,2.1,1.5
2018-01-15,7048.5,2210.25,205860.0,1332.436,12547.95,1.861,17.0768,141.4625,3433.55,53906.0,1.22314,605.682,6.4247,3.20676,2.1,1.5
2018-01-22,7032.35,2241.25,269050.0,1346.154,13270.8,1.9116,17.2372,142.504,3471.75,53272.0,1.23572,603.4739999999999,6.3613599999999995,3.2088,2.1,1.5
2018-01-29,7042.1,2215.0,306035.0,1340.7419999999997,13603.5,1.9012,17.061600000000002,144.00799999999998,3579.7,53004.0,1.2432199999999998,602.42,6.30626,3.2094,2.1,1.5
2018-02-05,6902.55,2168.15,309825.0,1323.234,13244.2,1.7765999999999997,16.469600000000003,142.91199999999998,3482.15,52236.0,1.23006,601.45,6.28994,3.24756,2.2,2.9
2018-02-12,7037.5,2161.65,333360.0,1340.49,13700.3,1.7128,16.669200000000004,143.01749999999998,3537.0,51756.666666666664,1.24,595.066,6.33874,3.2555,2.2,2.9
2018-02-19,7078.2,2212.35,336085.0,1331.962,13681.8,1.7705,16.526600000000002,138.8225,3567.75,52680.0,1.23296,593.116,6.342180000000001,3.2439999999999998,2.2,2.9
2018-02-26,6941.6,2156.35,329140.0,1321.7500000000002,13647.1,1.8370000000000002,16.4594,141.036,3467.95,52462.0,1.22652,593.624,6.33104,3.2529600000000003,2.2,2.9
2018-03-05,6897.4,2104.05,316840.0,1324.7918,13513.2,1.9100000000000001,16.5152,140.114,3272.6,51700.0,1.2352599999999998,601.806,6.329560000000001,3.2494,2.4,2.1
2018-03-12,6899.15,2069.3,320640.0,1320.78,13675.0,1.9150000000000003,16.4538,139.68200000000002,3249.5,51562.0,1.23366,604.28,6.32158,3.2558,2.4,2.1
2018-03-19,6714.95,2051.45,320180.0,1327.0040000000001,13260.2,1.9894000000000003,16.3816,138.64600000000002,3226.05,50624.0,1.23148,607.994,6.32434,3.2436,2.4,2.1
2018-03-26,6618.8125,2009.75,376993.75,1334.656,13046.375,2.0135,16.424799999999998,138.35750000000002,3284.875,49362.0,1.2357399999999998,604.3900000000001,6.281339999999999,3.2230000000000003,2.4,2.1
2018-04-02,6740.8125,1984.375,376175.0,1333.242,13252.625,1.9707999999999999,16.3922,138.78,3256.75,50470.0,1.2275,603.732,6.29696,3.2216,2.5,1.8
2018-04-09,6838.9,2257.85,365630.0,1341.73,13686.0,2.0425999999999997,16.541199999999996,139.966,3172.5,50818.0,1.23394,598.87,6.28218,3.2260666666666666,2.5,1.8
2018-04-16,6915.4,2467.4,355565.0,1344.5639999999999,14700.2,2.0644,16.9736,137.362,3189.0,51174.0,1.23526,595.5840000000001,6.28058,3.2146500000000002,2.5,1.8
2018-04-23,6905.1,2254.7,345360.0,1323.558,14045.5,2.1095999999999995,16.5572,139.392,3160.2,51752.0,1.2166000000000001,602.704,6.32176,3.2300000000000004,2.5,1.8
2018-04-30,6768.7,2296.4,322435.0,1310.1740000000002,13764.85,2.0998000000000006,16.335600000000003,143.498,3046.9,50840.0,1.1994399999999998,616.836,6.34764,3.2589166666666673,2.5,1.8
2018-05-07,6818.625,2341.25,290450.0,1316.17,13875.875,2.158,16.5298,140.41000000000003,3061.1875,50994.0,1.1898399999999998,627.926,6.35424,3.2712000000000003,2.8,1.8
2018-05-14,6820.6,2310.4,294765.0,1295.574,14481.1,2.2262,16.3768,137.58200000000002,3066.95,50996.0,1.1827999999999999,631.55,6.36504,3.2677333333333336,2.8,1.8
2018-05-21,6871.8,2266.35,298930.0,1296.6420000000003,14697.7,2.2403999999999997,16.5026,139.7875,3051.5,51340.0,1.17292,626.8979999999999,6.3807599999999995,3.266166666666667,2.8,1.8
2018-05-28,6850.875,2282.1875,301900.0,1297.674,15112.0,2.15775,16.4154,141.4125,3103.25,51242.0,1.1636799999999998,628.516,6.412060000000001,3.268166666666667,2.8,1.8
2018-06-04,7186.85,2313.85,309735.0,1295.904,15498.35,2.1056,16.5888,141.246,3201.2,52704.0,1.1754,630.634,6.397879999999999,3.2582,2.9,1.9
2018-06-11,7181.6,2271.15,295385.0,1295.29,15244.9,2.0867999999999998,16.8856,138.10750000000002,3211.6,53422.0,1.1700199999999998,635.068,6.40652,3.2676000000000003,2.9,1.9
2018-06-18,6829.4,2183.85,302290.0,1271.356,14887.2,2.04,16.3358,137.132,3025.0,51812.5,1.1608,638.998,6.476319999999999,3.2714399999999997,2.9,1.9
2018-06-25,6682.2,2167.15,300035.0,1255.352,14737.2,2.1146000000000003,16.134800000000002,138.095,2913.85,51346.0,1.16304,645.6800000000001,6.59254,3.2678,2.9,1.9
2018-07-02,6404.45,2108.8,282620.0,1252.616,14165.2,2.11525,15.978,133.25666666666666,2795.2,50340.0,1.1675999999999997,654.146,6.6411,3.2817999999999996,2.9,2.1
2018-07-09,6252.15,2103.45,265625.0,1248.694,13988.0,2.1098,15.916400000000001,135.376,2628.5,48930.0,1.17026,650.058,6.655800000000001,3.2688,2.9,2.1
2018-07-16,6113.3,2069.3,257215.0,1230.042,13433.9,2.037,15.515,131.82600000000002,2575.3,48664.0,1.16746,656.0799999999999,6.72808,3.2675,2.9,2.1
2018-07-23,6232.85,2053.15,253400.0,1225.296,13564.8,2.1268000000000002,15.437599999999998,134.345,2629.3,49570.0,1.16782,650.522,6.790960000000001,3.2681166666666663,2.9,2.1
2018-07-30,6187.7,2035.65,252945.0,1216.5400000000002,13578.25,2.0936,15.3918,133.662,2640.85,49614.0,1.16406,641.434,6.820600000000001,3.264966666666666,2.9,2.1
2018-08-06,6149.8,2052.3,250650.0,1210.886,13773.0,2.0456,15.3472,134.282,2619.85,49510.0,1.1540199999999998,647.172,6.83616,3.2652,2.7,2.3
2018-08-13,5936.35,2026.6,256630.0,1184.56,13231.3,2.0027999999999997,14.757200000000001,131.016,2393.1,48824.0,1.13812,665.676,6.89238,3.3014500000000004,2.7,2.3
2018-08-20,6003.6,2045.3,263475.0,1194.3619999999999,13385.7,2.0476,14.6908,126.57666666666665,2458.75,48562.0,1.15638,664.75,6.843520000000001,3.2932333333333332,2.7,2.3
2018-08-27,6059.625,2117.4375,266850.0,1204.0140000000001,13228.5,2.1126,14.653,128.1025,2498.625,48792.0,1.16692,669.844,6.82188,3.291,2.7,2.3
2018-09-03,5882.85,2032.95,257600.0,1196.9940000000001,12412.4,1.97,14.212399999999999,127.38999999999999,2438.5,48081.0,1.1600599999999999,687.364,6.83314,3.3130833333333336,2.3,2.5
2018-09-10,5936.15,2024.4,231420.0,1198.98,12422.0,1.9942000000000004,14.1364,127.106,2340.0,48228.0,1.16276,690.062,6.85692,3.3180499999999995,2.3,2.5
2018-09-17,6107.0,2013.2,217055.0,1201.8719999999998,12519.6,2.007,14.225800000000001,123.995,2397.15,49424.0,1.17102,676.1899999999999,6.852500000000001,3.29724,2.3,2.5
2018-09-24,6277.05,2035.3,210095.0,1193.5399999999997,12687.4,2.0729999999999995,14.357999999999999,124.896,2563.05,50490.0,1.16984,663.8340000000001,6.87154,3.2967999999999997,2.3,2.5
2018-10-01,6252.85,2133.3,193130.0,1198.378,12489.1,2.1158,14.585399999999998,130.5975,2682.5,50505.0,1.15274,666.7760000000001,6.86862,3.3131399999999998,2.5,2.5
2018-10-08,6260.55,2039.75,174005.0,1202.52,12642.6,2.0132,14.4218,137.0,2663.95,50520.0,1.15318,681.984,6.91652,3.3242333333333334,2.5,2.5
2018-10-15,6221.35,2014.3,159805.0,1224.86,12427.8,1.9289999999999998,14.6084,144.958,2665.2,50406.0,1.15244,674.72,6.923579999999999,3.3293,2.5,2.5
2018-10-22,6217.05,1981.85,150695.0,1230.276,12157.1,1.8387999999999998,14.643,145.8,2708.8,50132.0,1.1421199999999998,685.6700000000001,6.942840000000001,3.33318,2.5,2.5
2018-10-29,6142.6,1950.85,147410.0,1226.666,11676.1,1.7648,14.516600000000002,142.435,2606.2,49364.0,1.13636,691.0719999999999,6.94186,3.356616666666667,2.5,2.5
2018-11-05,6162.5,1957.65,174185.0,1223.5107999999998,11645.1,1.6596,14.4464,144.11399999999998,2555.6,49670.0,1.1390600000000002,679.284,6.928960000000001,3.3625999999999996,2.2,2.2
2018-11-12,6138.25,1921.15,166440.0,1209.4232,11256.4,1.575,14.1464,138.418,2601.8,49166.0,1.1311399999999998,680.794,6.94812,3.3729999999999998,2.2,2.2
2018-11-19,6258.05,1932.75,144605.0,1224.1432,10967.55,1.4942,14.3798,138.92749999999998,2658.0,49732.0,1.1387399999999999,669.832,6.93738,3.3735666666666666,2.2,2.2
2018-11-26,6218.95,1935.95,136940.0,1220.8172,10869.9,1.4316,14.214400000000001,135.82,2566.4,49520.0,1.13366,673.5600000000001,6.94786,3.3729999999999998,2.2,2.2
2018-12-03,6185.7,1960.55,128395.0,1238.2430000000002,11008.4,1.4478,14.474599999999999,131.47,2706.9,49770.0,1.13584,672.3039999999999,6.864279999999999,3.3706000000000005,1.9,1.9
2018-12-10,6138.0,1920.05,120980.0,1242.4270000000001,10788.6,1.4382,14.614,128.4575,2632.0,49344.0,1.134,680.9399999999999,6.89326,3.3504999999999994,1.9,1.9
2018-12-17,5995.15,1922.1,126020.0,1250.5787999999998,10831.2,1.3574000000000002,14.633800000000003,125.894,2583.3,48678.0,1.1379,690.53,6.893780000000001,3.344,1.9,1.9
2018-12-24,5962.583333333333,1870.3333333333333,130025.0,1272.3768,10707.0,1.30225,15.01,127.08999999999999,2526.6666666666665,48254.0,1.14038,692.414,6.881539999999999,3.3594,1.9,1.9
2018-12-31,5844.75,1844.5,132287.5,1285.5128,10808.5,1.337,15.5592,127.34333333333332,2488.125,47463.333333333336,1.14116,691.3399999999999,6.869459999999999,3.35912,1.9,1.9
2019-01-07,5911.05,1839.65,132935.0,1288.1668000000002,11197.1,1.3922,15.613400000000002,129.04,2518.6,47486.0,1.14842,677.39,6.81206,3.3381999999999996,1.6,1.7
2019-01-14,5937.1,1833.35,134480.0,1289.4036,11579.2,1.4148,15.509,128.7325,2517.85,47398.0,1.14048,671.652,6.76572,3.3242,1.6,1.7
2019-01-21,5941.3,1879.6,145515.0,1286.248,11698.9,1.39125,15.385199999999998,130.19,2628.8,47456.0,1.1362800000000002,671.656,6.783420000000001,3.33314,1.6,1.7
2019-01-28,6079.75,1872.55,148465.0,1314.555,12218.8,1.3732,15.884800000000002,128.57333333333335,2712.45,47682.0,1.14474,662.012,6.724680000000001,3.3411,1.6,1.7
2019-02-04,6209.35,1880.8,149570.0,1311.4630000000002,12885.85,1.4378,15.760200000000003,131.66,2735.9,47890.0,1.13722,654.712,6.7426,3.3188000000000004,1.5,1.5
2019-02-11,6136.25,1833.4,146680.0,1311.5359999999998,12299.65,1.4786000000000001,15.645199999999999,128.35399999999998,2615.5,48098.0,1.12892,662.08,6.77234,3.3312,1.5,1.5
2019-02-18,6403.7,1855.55,138120.0,1331.229,12694.4,1.5914,15.891199999999998,126.19666666666667,2701.3,49184.0,1.13304,654.778,6.733960000000001,3.3146,1.5,1.5
2019-02-25,6534.5,1889.7,130205.0,1316.363,12965.6,1.6248,15.648,125.43,2782.55,49950.0,1.13692,652.3599999999999,6.69088,3.2984,1.5,1.5
2019-03-04,6478.5,1845.5,119140.0,1288.5538000000001,13282.1,1.7823999999999998,15.0976,125.492,2767.05,50018.0,1.12752,662.952,6.710640000000001,3.3036000000000003,1.9,2.3
2019-03-11,6459.25,1859.45,133815.0,1300.1520000000003,12916.75,1.8414000000000001,15.318999999999999,125.52,2853.4,49788.0,1.1299,668.836,6.71364,3.2953999999999994,1.9,2.3
2019-03-18,6431.6,1896.9,179215.0,1308.872,12981.8,1.9078,15.401999999999997,124.99600000000001,2855.8,50146.0,1.1356,667.944,6.7050399999999994,3.2917,1.9,2.3
2019-03-25,6371.4,1877.9,171055.0,1305.702,12906.8,1.9131999999999998,15.259400000000003,124.55250000000001,2931.95,49444.0,1.12552,680.3960000000001,6.71948,3.3064,1.9,2.3
2019-04-01,6436.9,1869.25,180105.0,1290.6399999999999,13078.2,1.9375999999999998,15.108800000000002,125.95666666666666,2972.9,49340.0,1.12158,667.582,6.71558,3.2972,2.0,2.5
2019-04-08,6447.7,1843.75,196040.0,1298.404,13036.95,2.0248,15.0994,124.91199999999999,2959.3,49346.0,1.1270799999999999,662.818,6.7132000000000005,3.2868000000000004,2.0,2.5
2019-04-15,6479.6875,1843.3125,190531.25,1277.684,12794.0,2.0395000000000003,14.9822,122.69,2917.125,49540.0,1.1270799999999999,661.49,6.703479999999999,3.2897999999999996,2.0,2.5
2019-04-22,6399.0625,1843.375,191281.25,1277.06,12309.875,2.1247999999999996,14.948599999999999,123.39500000000001,2860.75,49214.0,1.1183,670.6560000000001,6.72546,3.3160000000000003,2.0,2.5
2019-04-29,6289.95,1793.95,229510.0,1277.85,12155.2,2.0629999999999997,14.7994,123.79,2885.9,48925.0,1.1192,678.196,6.733639999999999,3.3036000000000003,2.0,2.5
2019-05-06,6123.875,1774.0,221681.25,1283.1,11879.625,1.9769999999999999,14.812000000000001,121.16799999999998,2754.25,48046.0,1.12054,683.502,6.792859999999999,3.3080000000000007,1.8,2.7
2019-05-13,6028.25,1810.65,195785.0,1291.42,12005.4,2.0126,14.6478,122.06799999999998,2743.25,47754.0,1.1193399999999998,693.364,6.88566,3.3186,1.8,2.7
2019-05-20,5939.15,1761.9,187595.0,1278.558,12052.1,1.9736,14.4832,123.08999999999999,2705.15,47414.0,1.11724,695.4959999999999,6.90546,3.3400999999999996,1.8,2.7
2019-05-27,5855.75,1768.6875,198756.25,1287.46,12056.25,1.89575,14.4786,130.75500000000002,2697.75,46968.0,1.1157,705.816,6.90488,3.353,1.8,2.7
2019-06-03,5804.25,1747.2,211770.0,1330.944,11673.2,1.721,14.848000000000003,136.885,2611.0,46347.5,1.1265800000000001,694.7800000000001,6.906499999999999,3.3430999999999997,1.6,2.7
2019-06-10,5833.8,1748.25,226890.0,1334.296,11736.4,1.725,14.784600000000001,131.986,2611.1,46570.0,1.1282200000000002,696.358,6.920959999999999,3.3315599999999996,1.6,2.7
2019-06-17,5911.6,1747.25,248715.0,1366.5302,11965.65,1.7579999999999998,15.1548,129.532,2585.7,46680.0,1.1259799999999998,690.482,6.8890199999999995,3.3241,1.6,2.7
2019-06-24,5979.25,1781.1,242375.0,1414.1788000000001,12400.5,1.9184,15.3214,135.79199999999997,2597.1,47100.0,1.13738,679.386,6.874160000000001,3.2927799999999996,1.6,2.7
2019-07-01,5902.85,1771.95,265565.0,1407.8548,12246.0,1.912,15.1964,142.04333333333332,2479.5,46722.0,1.1272,680.018,6.873399999999999,3.2872399999999997,1.8,2.8
2019-07-08,5897.4,1807.95,293210.0,1406.0704,12946.6,1.9600000000000002,15.1316,138.67400000000004,2402.85,46261.0,1.1239,684.162,6.8776399999999995,3.28534,1.8,2.8
2019-07-15,5993.95,1828.9,294565.0,1423.8426000000002,14303.0,1.8752,15.891,138.88600000000002,2457.3,47072.0,1.12382,682.43,6.877100000000001,3.2821,1.8,2.8
2019-07-22,5969.85,1790.2,294740.0,1420.2448,14198.0,1.8596,16.427599999999998,135.456,2435.1,47250.0,1.11542,692.232,6.8761399999999995,3.2897999999999996,1.8,2.8
2019-07-29,5881.2,1765.95,290070.0,1431.154,14424.6,1.8387999999999998,16.3606,132.494,2426.8,46900.0,1.1111799999999998,703.376,6.89934,3.3081400000000003,1.8,2.8
2019-08-05,5700.85,1733.95,276690.0,1488.0396,15196.2,1.669,16.7712,130.494,2276.1,46334.0,1.12004,713.6659999999999,7.03964,3.3822,1.7,2.8
2019-08-12,5741.2,1749.2,290285.0,1513.1640000000002,16017.8,1.674,17.12,105.99000000000001,2267.2,46566.0,1.11448,709.118,7.038659999999998,3.3855000000000004,1.7,2.8
2019-08-19,5681.7,1749.9,329895.0,1506.3686,15822.3,1.67,17.1172,127.50999999999999,2251.1,46506.0,1.1096799999999998,713.4899999999999,7.069459999999999,3.3781,1.7,2.8
2019-08-26,5662.75,1727.85,334970.0,1531.3726,16447.4,1.6494,18.1546,129.164,2255.25,46528.0,1.1063800000000001,721.2779999999999,7.15458,3.3911000000000002,1.7,2.8
2019-09-02,5707.3,1742.7,324280.0,1530.7888,17882.8,1.531,18.808,127.42500000000001,2296.95,46868.0,1.1005800000000001,719.678,7.1509,3.3778999999999995,1.7,3.0
2019-09-09,5815.55,1782.75,304480.0,1493.8547999999998,18028.8,1.5704,17.9078,132.142,2348.2,47442.5,1.1047600000000002,711.4080000000001,7.100760000000001,3.3343000000000003,1.7,3.0
2019-09-16,5788.95,1765.45,295000.0,1501.9945999999998,17394.8,1.6928,17.860200000000003,132.67800000000003,2334.15,47586.0,1.1032,714.528,7.085800000000001,3.3455,1.7,3.0
2019-09-23,5738.0,1733.55,275725.0,1511.8812,17408.7,1.655,18.091,133.288,2327.55,47238.0,1.09616,724.598,7.1227399999999985,3.3611000000000004,1.7,3.0
2019-09-30,5645.95,1704.4,271190.0,1492.1812000000002,17594.8,1.5708000000000002,17.3716,135.05,2357.7,47320.0,1.0946000000000002,722.3779999999999,7.147620000000001,3.37828,1.7,3.0
2019-10-07,5698.07,1737.2,284000.0,1497.3132,17704.5,1.5998,17.5782,130.608,2367.3,46982.5,1.09886,719.04,7.12466,3.3701,1.8,3.8
2019-10-14,5744.6,1721.6,274280.0,1489.2318,16599.2,1.6196000000000002,17.5022,128.452,2465.55,46950.0,1.1077400000000002,713.106,7.07954,3.3548999999999998,1.8,3.8
2019-10-21,5844.95,1718.15,266870.0,1494.3964,16551.7,1.6408,17.6854,131.8,2518.55,47260.0,1.1117000000000001,724.962,7.069,3.343,1.8,3.8
2019-10-28,5854.45,1756.5,259030.0,1500.4984,16766.0,1.6622,17.9414,135.6,2570.4,47326.0,1.11346,734.026,7.052160000000001,3.3392000000000004,1.8,3.8
2019-11-04,5906.7,1819.2,243180.0,1482.0792,16273.9,1.6469999999999998,17.4102,142.858,2544.4,47272.0,1.10662,743.252,7.0013000000000005,3.3415,2.1,4.5
2019-11-11,5825.35,1764.3,226895.0,1462.8875999999998,15347.4,1.6224,16.892400000000002,144.226,2472.2,47121.0,1.10226,781.68,7.01276,3.3752000000000004,2.1,4.5
2019-11-18,5834.95,1744.65,220575.0,1468.2256000000002,14561.5,1.6518000000000002,17.067199999999996,144.504,2343.25,47094.0,1.1059999999999999,789.2339999999999,7.0304400000000005,3.3779000000000003,2.1,4.5
2019-11-25,5879.4,1767.8,212465.0,1458.016,14179.0,1.6640000000000001,16.9568,151.2075,2310.95,47324.0,1.1010199999999999,807.5200000000001,7.03198,3.3882799999999995,2.1,4.5
2019-12-02,5866.05,1775.6,201990.0,1469.9455999999998,13342.8,1.6016000000000001,16.8712,155.39799999999997,2243.0,47318.0,1.10794,789.9739999999999,7.04516,3.3823,2.3,4.5
2019-12-09,6096.0,1756.17,181070.0,1469.0788,13711.2,1.645,16.7896,163.654,2239.75,48676.0,1.1105800000000001,770.568,7.015119999999999,3.3796,2.3,4.5
2019-12-16,6169.65,1764.3,160495.0,1476.7688,14088.8,1.6892,17.0362,164.352,2312.2,48988.0,1.11198,755.504,7.000739999999999,3.3342,2.3,4.5
2019-12-23,6181.5,1789.25,149150.0,1501.7375000000002,14239.375,1.73325,17.705,162.14,2290.8125,49188.0,1.1107,748.932,6.999039999999999,3.31466,2.3,4.5
2019-12-30,6153.125,1787.0625,145506.25,1528.2712500000002,14015.875,1.71975,17.9186,152.5975,2308.8125,49137.5,1.1189,753.3,6.96704,3.309,2.3,4.5
2020-01-06,6143.82,1781.85,138150.0,1561.9774000000002,13939.6,1.6876000000000002,18.112000000000002,154.136,2377.9,48790.0,1.11352,767.994,6.94212,3.3207,2.5,5.4
2020-01-13,6257.2,1784.25,127635.0,1551.8791999999999,13912.9,1.6488,17.9254,148.786,2412.5,48966.0,1.1126999999999998,773.396,6.88026,3.3225000000000002,2.5,5.4
2020-01-20,6058.25,1794.15,172590.0,1562.3011999999999,13446.1,1.5729999999999997,17.900799999999997,145.255,2412.5,48455.0,1.10684,773.1600000000001,6.9093,3.3159,2.5,5.4
2020-01-27,5624.55,1727.85,183930.0,1577.8574,12556.3,1.5002,17.7698,140.748,2227.35,46930.5,1.1034000000000002,792.0540000000001,6.9363,3.3515,2.5,5.4
2020-02-03,5634.4,1683.8,176205.0,1564.4240000000002,12826.4,1.4849999999999999,17.669199999999996,139.83599999999998,2178.35,45406.0,1.10048,783.57,6.992,3.3695999999999997,2.3,5.2
2020-02-10,5730.2,1702.73,167150.0,1573.0013999999999,12995.2,1.5558,17.6456,141.868,2141.0,45492.0,1.0872600000000001,792.0039999999999,6.9756599999999995,3.3832,2.3,5.2
2020-02-17,5748.55,1689.7,164515.0,1611.1982000000003,12703.5,1.64975,18.2292,149.4475,2119.1,46002.0,1.0810799999999998,798.996,7.004099999999999,3.3815800000000005,2.3,5.2
2020-02-24,5637.85,1676.15,196260.0,1633.0013999999999,12337.1,1.4806,17.780199999999997,151.71800000000002,2014.5,45338.0,1.09274,812.22,7.01122,3.4212800000000003,2.3,5.2
2020-03-02,5647.05,1698.5,207660.0,1642.2402000000002,12675.0,1.5075999999999998,17.177599999999998,158.07800000000003,1976.7,45010.0,1.1192199999999999,818.8299999999999,6.941399999999999,3.44026,1.5,4.3
2020-03-09,5494.1,1661.8200000000002,189085.0,1613.7078,12331.4,1.0402,16.234399999999997,154.78,1959.45,43594.0,1.12546,840.594,6.978280000000001,3.5132200000000005,1.5,4.3
2020-03-16,4951.9,1616.55,218420.0,1499.5256,11446.2,0.6658,12.4328,151.914,1858.2,40596.0,1.0889000000000002,859.1199999999999,7.04872,3.54876,1.5,4.3
2020-03-23,4770.68,1513.0,225360.0,1609.1167999999998,11131.1,0.5042,14.162,168.20499999999998,1830.0,38284.0,1.0911199999999999,842.46,7.08516,3.4654800000000003,1.5,4.3
2020-03-30,4837.6,1472.1600000000003,220955.0,1603.0304,11270.638,0.6122,14.159600000000001,163.67000000000002,1873.25,39392.0,1.0934599999999999,858.2280000000001,7.090480000000001,3.4446399999999997,1.5,4.3
2020-04-06,4970.59,1436.6599999999999,242875.0,1665.4959999999999,11453.45,0.67625,15.139600000000002,164.185,1898.72,40965.0,1.08792,846.1299999999999,7.05438,3.37136,0.3,3.3
2020-04-13,5132.0625,1469.8600000000001,261812.5,1711.182,11795.1875,0.7118,15.455400000000001,167.30200000000002,1925.8125,42036.0,1.0905200000000002,850.9460000000001,7.0622,3.40052,0.3,3.3
2020-04-20,5104.647999999999,1469.03,263805.0,1710.271,12160.75,0.6242,15.122800000000002,161.422,1891.3,42024.0,1.0828000000000002,857.292,7.079040000000001,3.3843400000000003,0.3,3.3
2020-04-27,5168.05,1461.972,255180.0,1702.3259999999998,12132.05,0.7011999999999999,15.086400000000001,154.2225,1919.396,42880.0,1.0891600000000001,840.0899999999999,7.07114,3.37804,0.3,3.3
2020-05-04,5175.15,1445.55,245855.0,1701.5049999999999,12085.5,0.8966,15.0624,157.20600000000002,1955.9479999999999,43230.0,1.0841,834.9280000000001,7.075799999999999,3.3978800000000007,0.1,2.4
2020-05-11,5194.38,1443.02,251975.0,1716.9299999999998,12106.45,0.9161999999999999,15.7828,156.326,1985.35,43538.0,1.08186,822.326,7.09392,3.4334800000000003,0.1,2.4
2020-05-18,5331.91,1476.48,273275.0,1736.525,12413.35,1.0396,17.2258,155.334,2017.35,43992.0,1.09316,810.194,7.1071,3.41594,0.1,2.4
2020-05-25,5302.9375,1508.925,265631.25,1718.5603999999998,12190.125,1.01675,17.334,152.99,1958.9125,44104.0,1.101,807.37,7.14366,3.43384,0.1,2.4
2020-06-01,5529.17,1536.2900000000002,250880.0,1711.5828000000001,12753.55,1.1334,17.8176,147.86599999999999,2027.4099999999999,44970.0,1.1229799999999999,778.104,7.10618,3.41476,0.6,2.5
2020-06-08,5764.4,1580.46,234820.0,1721.0041999999999,12788.07,1.1716000000000002,17.6844,147.366,2003.154,46702.0,1.1309,778.592,7.07038,3.4436999999999998,0.6,2.5
2020-06-15,5746.2,1575.21,244005.0,1727.8812000000003,12799.0,1.2236,17.4342,146.08399999999997,2019.6299999999999,47128.0,1.1240400000000002,800.05,7.08382,3.489,0.6,2.5
2020-06-22,5889.25,1571.5,227045.0,1763.0908,12555.75,1.2266,17.7208,146.436,2044.75,48053.333333333336,1.1250399999999998,817.26,7.071499999999999,3.5071799999999995,0.6,2.5
2020-06-29,6020.25,1595.45,213320.0,1774.4757999999997,12828.3,1.2208,17.9884,147.7875,2033.3020000000001,49264.0,1.12408,810.0440000000001,7.07162,3.53088,0.6,2.5
2020-07-06,6253.83,1626.266,190395.0,1797.6298,13363.85,1.2682,18.5122,150.18599999999998,2110.52,50040.0,1.12986,790.742,7.0048200000000005,3.5203800000000003,1.0,2.7
2020-07-13,6469.6,1644.1200000000001,165635.0,1804.8935999999999,13461.547999999999,1.2488,19.227,147.42000000000002,2203.85,52242.0,1.13924,786.442,6.9939599999999995,3.50176,1.0,2.7
2020-07-20,6508.39,1654.05,145590.0,1863.5112000000001,13395.1,1.2672000000000003,21.913600000000002,153.202,2216.3,51994.0,1.15584,773.396,6.9955,3.51016,1.0,2.7
2020-07-27,6452.45,1679.9,132260.0,1960.1004,13704.9,1.238,24.206999999999997,159.994,2269.328,51914.0,1.1774799999999999,761.5,6.995699999999999,3.51408,1.0,2.7
2020-08-03,6446.9,1730.368,122635.0,2026.2223999999999,14224.55,1.2172,26.898199999999996,168.242,2366.0,51450.0,1.1815600000000002,773.0020000000001,6.961239999999999,3.5457800000000006,1.3,2.4
2020-08-10,6370.25,1737.672,114130.0,1950.1209999999999,14220.34,1.2316,26.586000000000002,162.486,2372.2400000000002,50384.0,1.1783599999999999,796.134,6.946540000000001,3.5650999999999997,1.3,2.4
2020-08-17,6571.95,1738.3700000000001,106330.0,1960.464,14617.7,1.285,27.129999999999995,166.35600000000002,2448.598,51682.0,1.1847666666666667,792.67,6.920433333333334,3.5745666666666662,1.3,2.4
2020-08-24,6606.65,1742.622,93115.0,1941.4732,15088.397999999997,1.345,26.8924,168.09999999999997,2453.35,51526.0,1.18332,784.0659999999999,6.89448,3.5671400000000006,1.3,2.4
2020-08-31,6680.625,1756.325,85081.25,1948.3826000000001,15373.6875,1.217,27.425400000000003,175.962,2493.75,52026.0,1.1878199999999999,773.056,6.83948,3.5357399999999997,1.3,2.4
2020-09-07,6744.95,1749.5440000000003,75810.0,1938.3234,14940.8,1.10375,26.803999999999995,178.535,2420.4900000000002,52258.0,1.1810399999999999,771.11,6.83416,3.54576,1.4,1.7
2020-09-14,6808.93,1752.502,77995.0,1952.5908,15086.35,1.179,27.0382,170.13,2491.05,52140.0,1.1840199999999999,762.4860000000001,6.7742200000000015,3.53534,1.4,1.7
2020-09-21,6642.88,1721.102,76790.0,1880.4269999999997,14375.3,1.1864000000000001,23.57,158.632,2396.25,51604.0,1.1686800000000002,780.9440000000001,6.808080000000001,3.5661,1.4,1.7
2020-09-28,6544.6,1731.6,146030.0,1893.6503999999998,14408.4,1.1852,23.704,156.936,2367.43,51176.666666666664,1.17158,785.786,6.805066666666666,3.60232,1.4,1.7
2020-10-05,6628.0,1772.9299999999998,156215.0,1900.2509999999997,14689.85,1.213,24.0266,155.35199999999998,2350.7200000000003,51590.0,1.17726,796.824,6.6933,3.5791000000000004,1.2,0.5
2020-10-12,6714.840000000001,1843.8260000000002,165965.0,1904.5116000000003,15277.3,1.1809999999999998,24.3778,156.346,2410.6,51626.0,1.1746,798.2900000000002,6.724619999999999,3.58448,1.2,0.5
2020-10-19,6874.95,1830.73,181930.0,1908.0807999999997,15783.85,1.1574,24.6748,153.108,2530.5,52038.0,1.18254,782.196,6.67492,3.59512,1.2,0.5
2020-10-26,6738.68,1812.1619999999998,174925.0,1886.2378,15565.35,1.0876,23.7736,152.89600000000002,2523.65,51726.0,1.17318,773.156,6.71002,3.6092799999999996,1.2,0.5
2020-11-02,6833.25,1889.5700000000002,172430.0,1921.1046,15319.98,1.0874,24.621,151.96800000000002,2578.93,51620.0,1.1753399999999998,757.3999999999999,6.644919999999999,3.5978000000000003,1.2,-0.5
2020-11-09,6912.910000000001,1897.95,167985.0,1873.9712,15847.5,1.1625999999999999,24.287,157.124,2618.12,52124.0,1.1806800000000002,758.632,6.6176,3.62112,1.2,-0.5
2020-11-16,7109.6,1968.47,160350.0,1875.0543999999998,15880.85,1.1602000000000001,24.346200000000003,165.51,2725.3,53216.0,1.18576,762.0039999999999,6.56808,3.60092,1.2,-0.5
2020-11-23,7319.8,1965.0,153375.0,1809.2938000000001,16147.15,1.2596,23.2266,109.11749999999999,2743.15,54890.0,1.19036,769.038,6.57958,3.6036,1.2,-0.5
2020-11-30,7668.6,2036.0400000000002,149680.0,1819.9782,16083.1,1.248,23.788200000000003,113.10999999999999,2743.84,57448.0,1.20752,753.994,6.55612,3.5987400000000003,1.2,-0.5
2020-12-07,7739.039999999999,2008.4739999999997,148695.0,1849.2032,16782.612,1.2826,24.169600000000003,110.946,2791.67,57418.0,1.21072,740.076,6.537439999999999,3.59566,1.4,0.2
2020-12-14,7834.45,2030.134,134185.0,1861.7416,17461.05,1.3566,25.075400000000002,117.6225,2816.59,58154.0,1.22024,730.262,6.536919999999999,3.5879400000000006,1.4,0.2
2020-12-21,7783.67,2007.6799999999998,118830.0,1873.4530000000002,16885.7,1.36525,25.6832,116.77333333333333,2795.85,58320.0,1.21962,717.992,6.5399199999999995,3.606575,1.4,0.2
2020-12-28,7809.400000000001,1986.073333333333,110933.33333333333,1888.2395999999997,16712.666666666668,1.3940000000000001,26.331799999999998,116.72,2743.7766666666666,58417.5,1.22362,711.242,6.5276,3.616325,1.4,0.2
